OBJECTID,NHGISST,NHGISCTY,GISJOIN,GISJOIN2,SQMI,CENSUS_YEAR,STATE_NAME,TRACT_NUMBER,TRACT_SUFFIX,TRACT_NAME,CA4001,B6H1,B6H2,B6H3,B6H4,B6H5,B6H6,B6H7,B6H8,B6H9,B6H10,B6H11,B6H12,B6H13,B6H14,B6H15,B6H16,B6H17,B6H18,B58001,B58002,B58003,B58004,B58005,B58006,B58007,B58008,B58009,B58010,B58011,B58012,B58013,B58014,B58015,B58016,CA7001,CA7002,B8J001,B7D01,B7D001,B7D002,B7D003,B7D004,B7D005,CAS001,CAS002,CAS003,CAS004,CAS005,CAS006,CAS007,CAS008,CAS009,CAS010,B9O001,B9O002,B9R001,B9R002,B9R003,B78001,B78002,B78003,B78004,B78005,B78006,CAR001,CAR002,CAR003,CAR004,CAR005,CAR006,CAR007,CAR008,CAR009,CAR010,CAR011,CAR012,CAR013,B54001,B8O001,B8O002,B8O003,B8O004,B8R001,B8R002,B8R003,B8R004,B8R005,B8R006,B8R007,B8R008,B8201,B8202,B8203,B8204,B9B01,B9B02,B9B03,B9B04,B9B05,B9B06,B9B07,B9B08,B9B09,B9B10,B9B11,B9B12,B9F001,B9F002,B9F003,B9F004,B9F005,B9F006,B9F007,B9F008,B9F009,B9F010,B9F011,B9F012,B9F013,B9F014,B9F015,B9F016,B9F017,B9F018,B9F019,B9F020,B9F021,B9F022,B9F023,B9F024,B9F025,B6X001,B6X002,B6X003,B6X004,B6X005,B6X006,B6X007,B6X008,CAN001,CAN002,CAN003,CAN004,B8W001,B8W002,B8W003,B8W004,B8W005,B8W006,B8W007,B8W008,B8W009,B8W010,B8W011,B8W012,B8W013,GIS_ID,CREATOR,CREATED,EDITOR,EDITED,SHAPEAREA,SHAPELEN
1,110,0010,G11000100016,11000100016,1.04400003,1960,District Of Columbia,16,,TRACT 16,5458,258,377,455,638,290,162,218,305,420,525,453,382,333,258,185,100,61,38,1389,25.4,975,17.9,642,11.8,2483,45.5,2975,54.5,5344,97.9,93,1.7,21,0.4,9,0.2,905,1610,1455,29,58,25,43,1572,134,452,332,313,196,93,31,21,3.3,1344,228,19,10,9,0,0,22,143,324,848,0,0,0,0,4,16,46,32,21,26,8,20,34,234,53,53,699,521,74,81,144,344,499,918,574,812,2307,44,41,2077,460,4,492,150,160,104,37,8,40,0,12,53,0,128,13,20,13,4,9,17,4,40,8,8,16,14,78,68,493,48,123,63,27,151,336,395,231,1505,3,0,410,130,25,141,86,151,662,633,126,16,11,23,39,60,48,62,55,73,50,427,326,226,Tract60Ply_1,,,,,0,0
2,110,0010,G11000100015,11000100015,1.82846999,1960,District Of Columbia,15,,TRACT 15,6177,353,532,588,498,204,142,242,320,464,569,609,487,464,288,180,131,64,42,1827,29.6,1169,18.9,705,11.4,2844,46,3333,54,6035,97.7,44,0.7,98,1.6,0,0,662,1889,1884,0,0,0,5,1858,115,581,444,353,203,94,42,26,3.3,1691,167,4,5,22,0,3,28,132,468,1058,0,0,3,0,0,0,0,0,0,4,4,42,92,51,111,67,889,575,12,21,91,190,406,877,861,1545,2512,24,28,2268,703,0,460,176,118,77,20,8,22,0,22,62,0,76,4,3,16,8,4,12,0,91,4,24,15,65,48,40,183,60,102,28,16,190,406,833,284,1690,0,0,456,49,60,158,86,72,1016,704,66,28,40,12,33,59,52,55,96,39,99,522,494,191,Tract60Ply_2,,,,,0,0
3,110,0010,G11000100017,11000100017,0.60330099,1960,District Of Columbia,17,,TRACT 17,5871,492,433,389,345,329,350,327,364,391,417,408,400,374,292,253,168,92,47,1562,26.6,1226,20.9,852,14.5,2634,44.9,3237,55.1,4788,81.6,1028,17.5,55,0.9,46,0.8,648,2086,1273,95,64,111,543,2046,462,627,358,283,164,76,39,37,2.8,1130,916,11,22,7,0,17,362,454,103,31,0,8,0,27,39,93,179,182,125,91,63,58,10,66,73,62,630,520,66,99,323,526,660,1019,588,577,2613,59,99,1861,348,0,202,251,105,254,200,0,149,0,49,192,0,114,5,14,34,0,4,48,0,125,12,17,24,77,51,72,350,66,45,107,122,117,181,651,377,1410,4,5,687,228,54,62,210,681,1105,228,32,31,54,65,128,209,108,115,140,108,117,289,138,24,Tract60Ply_3,,,,,0,0
4,110,0010,G11000100018,11000100018,0.88991898,1960,District Of Columbia,18,,TRACT 18,9281,477,330,425,530,1008,699,585,614,733,747,847,679,624,450,296,141,64,32,1481,16,1607,17.3,983,10.6,4529,48.8,4752,51.2,8114,87.4,1081,11.6,86,0.9,62,0.7,1609,3664,838,72,174,106,2474,3480,888,1412,633,321,128,53,23,22,2.4,803,2677,7,164,13,0,7,62,362,255,79,8,4,8,16,29,107,386,606,350,525,247,260,72,1055,32,32,600,386,188,159,468,774,1042,1696,934,1232,4302,55,1350,2429,649,0,430,264,294,302,167,0,234,0,41,122,0,122,0,20,25,0,16,24,0,94,8,4,96,32,148,115,876,132,31,100,186,253,342,1237,441,2436,4,0,1465,775,90,78,247,1140,1944,320,76,55,66,106,181,217,188,245,218,249,215,568,207,31,Tract60Ply_4,,,,,0,0
5,110,0010,G11000100090,11000100090,1.22063005,1960,District Of Columbia,90,,TRACT 90,2388,205,205,177,595,106,113,144,130,149,117,113,95,83,70,43,16,16,11,1039,43.5,239,10,156,6.5,1432,60,956,40,1321,55.3,1064,44.6,3,0.1,19,0.8,50,513,494,10,9,0,0,502,51,134,100,77,45,37,23,35,3.7,363,139,0,11,0,0,26,200,108,6,7,0,0,4,0,5,8,8,22,20,22,22,8,4,524,13,4,371,311,33,77,182,161,251,223,92,79,865,21,0,953,75,0,52,122,18,133,107,0,105,0,73,67,0,49,0,14,6,4,4,3,5,54,8,15,25,7,20,37,128,26,39,43,24,30,36,189,99,449,0,0,240,60,7,0,80,121,289,87,5,11,8,15,35,61,58,55,44,48,39,53,14,3,Tract60Ply_5,,,,,0,0
6,110,0010,G11000100034,11000100034,0.42126399,1960,District Of Columbia,34,,TRACT 34,6867,592,523,395,949,1075,483,365,361,332,356,355,283,229,189,150,137,57,36,1782,26,798,11.6,569,8.3,3363,49,3504,51,61,0.9,6762,98.5,44,0.6,24,0.3,271,1685,912,108,214,177,274,1619,413,416,261,170,123,96,57,83,3.1,375,1244,0,55,11,2,69,196,74,8,7,4,25,78,113,260,169,222,156,82,76,51,0,0,1794,86,86,810,778,50,228,546,471,604,626,381,362,2270,120,8,3013,272,0,37,494,46,232,399,44,558,0,294,206,0,117,0,5,4,0,0,29,0,38,4,17,59,40,9,114,166,77,292,225,120,210,105,374,265,558,0,0,1114,329,26,98,113,1042,530,47,0,78,143,174,165,144,128,96,48,35,8,73,10,0,Tract60Ply_6,,,,,0,0
7,110,0010,G11000100039,11000100039,0.149124,1960,District Of Columbia,39,,TRACT 39,5325,276,177,171,165,399,363,430,385,372,380,401,389,405,331,278,210,122,71,705,13.2,1417,26.6,1012,19,2122,39.8,3203,60.2,4653,87.4,546,10.3,126,2.4,10,0.2,737,2892,164,38,102,207,2381,2796,1420,852,273,138,50,33,12,18,1.9,492,2304,12,40,44,16,140,119,94,11,4,8,4,27,46,98,210,315,473,398,280,280,105,4,104,11,11,299,237,24,66,279,371,752,995,698,958,3072,142,24,1492,324,0,207,256,76,133,83,0,188,0,53,200,0,50,4,0,18,0,5,16,0,95,8,13,33,59,20,134,221,63,55,151,58,117,307,1086,559,750,0,0,1520,162,101,135,319,1762,884,107,43,48,40,110,93,136,168,98,115,82,27,193,111,14,Tract60Ply_7,,,,,0,0
8,110,0010,G11000100035,11000100035,0.14877699,1960,District Of Columbia,35,,TRACT 35,2628,257,252,224,142,170,159,189,186,180,176,156,152,123,96,80,45,25,16,812,30.9,385,14.6,262,10,1192,45.4,1436,54.6,17,0.6,2595,98.7,16,0.6,0,0,47,838,410,175,74,52,127,772,132,220,145,85,65,50,35,40,3.3,264,508,4,55,7,0,53,158,38,2,1,0,0,9,16,14,86,123,102,79,62,12,5,0,42,36,31,405,400,11,186,342,173,313,225,88,233,1110,58,4,756,164,0,18,188,20,88,180,32,166,0,200,96,0,61,0,12,0,0,0,8,0,17,0,0,53,9,0,41,42,18,146,82,48,96,55,281,141,246,4,0,662,47,20,13,101,451,297,24,0,53,36,77,99,82,49,45,53,33,16,44,0,0,Tract60Ply_8,,,,,0,0
9,110,0010,G11000100038,11000100038,0.144521,1960,District Of Columbia,38,,TRACT 38,5173,438,281,246,252,438,347,367,407,349,391,401,323,305,250,163,117,61,37,1092,21.1,933,18,628,12.1,2231,43.1,2942,56.9,2303,44.5,2778,53.7,92,1.8,46,0.9,447,2468,376,97,118,292,1585,2303,970,707,266,149,90,44,31,46,2.2,196,2107,0,141,24,0,33,85,36,10,15,4,7,50,60,192,228,312,384,170,320,257,52,32,34,31,21,381,352,59,201,514,461,700,826,359,413,2840,152,15,1231,165,0,105,299,57,147,317,31,394,8,224,308,0,58,3,0,12,11,4,20,0,40,4,3,90,41,51,110,199,81,260,229,49,93,166,692,624,660,0,0,1351,221,92,70,376,1370,897,21,15,28,114,106,175,149,115,132,60,45,53,119,67,12,Tract60Ply_9,,,,,0,0
10,110,0010,G11000100036,11000100036,0.12185,1960,District Of Columbia,36,,TRACT 36,6480,680,381,289,333,675,631,572,552,442,467,383,312,271,183,152,83,48,26,1538,23.7,763,11.8,492,7.6,2943,45.4,3537,54.6,903,13.9,5545,85.6,32,0.5,0,0,140,2737,519,73,219,394,1532,2655,966,790,373,255,124,77,32,38,2.4,298,2357,6,58,18,0,6,143,85,15,7,0,8,65,166,227,437,475,420,227,139,121,25,5,144,67,45,472,420,37,265,638,571,1055,879,351,351,3450,165,36,1526,251,0,55,413,28,266,398,24,671,16,466,652,0,198,4,4,12,0,8,21,0,44,8,9,69,60,28,161,235,89,423,213,133,146,125,672,788,803,0,0,1763,243,57,24,494,1851,748,45,11,111,114,205,243,217,161,133,95,86,41,105,22,0,Tract60Ply_10,,,,,0,0
11,110,0010,G11000100033,11000100033,0.24891099,1960,District Of Columbia,33,,TRACT 33,9489,1001,803,714,583,676,755,676,718,636,646,591,500,377,334,229,142,71,37,2817,29.7,1190,12.5,813,8.6,4465,47.1,5024,52.9,407,4.3,9045,95.3,37,0.4,0,0,121,2578,1315,341,404,330,188,2541,438,624,435,336,229,168,97,214,3.7,1105,1436,0,33,4,0,91,566,334,24,7,0,13,26,89,203,285,296,157,79,114,91,58,0,211,82,82,1341,1300,55,512,1040,712,1273,1001,614,508,4431,209,32,2412,310,18,136,856,110,439,716,16,958,18,661,598,0,289,0,3,0,5,21,46,4,92,15,49,110,97,44,146,384,34,426,329,156,274,168,1147,592,1455,16,0,2042,301,87,38,381,1389,972,151,29,147,149,209,230,257,226,196,187,146,114,201,46,0,Tract60Ply_11,,,,,0,0
12,110,0010,G11000100037,11000100037,0.103725,1960,District Of Columbia,37,,TRACT 37,6306,548,319,240,372,621,592,588,608,445,452,416,336,269,187,138,88,63,24,1211,19.2,769,12.2,500,7.9,2782,44.1,3524,55.9,2766,43.9,3448,54.7,92,1.5,54,0.9,349,3422,115,74,382,487,2364,2990,1357,853,379,201,97,39,32,32,2.1,175,2815,4,290,138,0,21,58,43,8,12,0,0,31,116,233,426,945,423,271,208,38,0,50,43,41,37,408,339,46,205,648,549,809,1079,519,365,3661,128,56,1387,319,0,98,261,99,338,286,40,524,0,384,548,0,243,8,0,36,11,10,33,0,36,8,16,60,38,20,197,256,101,227,220,105,133,212,884,807,826,4,0,1867,263,105,70,498,2062,859,15,54,89,127,201,167,235,147,158,81,80,64,117,12,4,Tract60Ply_12,,,,,0,0
13,110,0010,G11000100040,11000100040,0.184525,1960,District Of Columbia,40,,TRACT 40,7599,364,267,248,373,564,531,546,532,494,580,598,510,561,511,423,244,159,94,1031,13.6,1992,26.2,1431,18.8,3097,40.8,4502,59.2,5035,66.3,2418,31.8,146,1.9,55,0.7,740,3812,408,35,149,701,2519,3668,1701,1195,405,195,94,40,13,25,1.9,445,3223,16,64,64,4,80,68,94,54,57,8,20,49,120,147,307,484,596,375,423,289,172,124,465,33,29,460,400,65,226,546,464,702,1504,1120,1151,4424,152,29,2166,385,0,252,364,85,255,140,9,470,0,147,626,4,150,8,4,54,4,4,33,0,82,24,8,89,77,77,113,255,79,216,216,90,176,377,1186,1098,1007,0,4,1928,361,113,157,727,2172,1281,125,90,53,99,148,162,225,132,162,130,115,121,214,115,52,Tract60Ply_13,,,,,0,0
14,110,0010,G11000100003,11000100003,0.37690899,1960,District Of Columbia,3,,TRACT 3,6415,410,234,335,362,597,599,441,415,399,453,493,460,408,342,228,138,62,39,1230,19.2,1217,19,809,12.6,2830,44.1,3585,55.9,6303,98.3,34,0.5,78,1.2,16,0.2,665,2555,1420,14,285,227,609,2509,536,975,501,293,139,37,16,12,2.5,1085,1424,13,15,18,0,8,127,725,157,54,4,4,0,0,12,80,132,296,268,152,216,188,28,120,57,47,498,295,42,67,306,507,550,1204,751,1079,3371,105,35,1997,507,0,181,350,151,250,41,4,98,4,11,129,0,80,4,8,28,4,12,32,9,91,7,18,92,111,81,67,276,87,68,65,154,225,354,1003,495,1580,0,0,1132,213,52,60,283,615,1613,246,35,28,72,38,62,127,136,145,149,141,150,435,210,4,Tract60Ply_14,,,,,0,0
15,110,0010,G11000100087,11000100087,0.33123299,1960,District Of Columbia,87,,TRACT 87,7202,861,708,645,451,517,473,523,655,503,470,439,329,210,181,101,73,35,28,2547,35.4,628,8.7,418,5.8,3405,47.3,3797,52.7,762,10.6,6428,89.3,12,0.2,8,0.1,131,1936,1001,263,287,133,252,1863,244,439,310,285,218,137,99,131,3.8,750,1113,16,48,9,3,63,515,120,6,0,0,0,0,20,76,103,259,238,128,147,113,21,0,141,116,104,1138,1059,57,245,887,682,868,672,360,228,3137,125,17,1807,127,0,36,408,80,396,645,8,571,0,424,508,0,197,4,5,0,0,0,45,0,115,16,30,142,55,39,163,242,61,251,215,135,121,133,696,472,869,0,0,1569,200,65,11,383,969,774,104,16,101,95,98,215,245,159,139,138,118,70,152,33,0,Tract60Ply_15,,,,,0,0
16,110,0010,G11000100041,11000100041,0.30165401,1960,District Of Columbia,41,,TRACT 41,3430,165,76,81,231,195,188,211,193,210,210,344,324,276,237,199,141,86,63,467,13.6,1002,29.2,726,21.2,1244,36.3,2186,63.7,3209,93.6,141,4.1,80,2.3,0,0,444,1704,399,16,34,71,1184,1583,819,457,152,85,37,21,5,7,1.9,400,1183,19,57,45,2,19,27,18,18,311,0,0,0,0,8,68,115,190,114,234,156,112,119,485,21,0,115,12,18,30,82,184,250,676,481,966,1865,24,50,1192,265,0,177,88,35,20,22,34,62,0,12,199,0,20,0,0,4,0,0,0,0,51,13,0,4,17,33,24,75,50,170,51,36,118,246,412,541,435,0,4,560,196,77,298,308,824,471,195,93,28,12,26,37,37,28,32,13,43,42,122,87,185,Tract60Ply_16,,,,,0,0
17,110,0010,G11000100044,11000100044,0.116643,1960,District Of Columbia,44,,TRACT 44,3733,337,298,251,193,242,240,277,260,269,296,262,203,194,176,111,71,36,17,1022,27.4,605,16.2,411,11,1788,47.9,1945,52.1,48,1.3,3679,98.6,6,0.2,0,0,21,1246,710,111,230,66,129,1170,341,303,162,126,89,51,40,58,3,223,947,0,61,15,0,41,131,39,1,4,0,8,45,105,128,169,188,101,60,90,21,8,0,236,28,28,476,459,54,330,489,327,538,355,163,125,1758,147,0,988,76,8,60,232,18,172,342,36,442,10,372,206,0,112,9,10,0,4,0,30,0,56,4,31,48,27,14,109,162,36,288,171,101,48,73,202,223,336,0,0,931,284,15,38,120,879,267,24,0,63,52,138,139,102,63,47,25,36,4,33,10,0,Tract60Ply_17,,,,,0,0
18,110,0010,G11000100045,11000100045,0.0866344,1960,District Of Columbia,45,,TRACT 45,2450,256,201,182,154,137,127,161,174,168,188,174,166,104,83,70,62,19,24,767,31.3,362,14.8,258,10.5,1222,49.9,1228,50.1,5,0.2,2436,99.4,9,0.4,0,0,8,761,392,219,71,79,0,722,175,184,105,74,75,39,28,42,3.3,174,548,3,30,6,6,26,81,22,7,2,0,0,29,48,73,85,116,86,8,73,26,0,0,91,26,26,338,338,52,231,396,225,296,186,93,44,925,83,0,831,34,0,36,124,8,164,166,26,264,8,166,118,0,85,0,10,0,5,0,4,4,16,0,0,48,5,5,64,85,8,141,123,20,24,25,140,113,190,0,0,522,97,5,31,64,543,163,11,5,36,86,89,43,39,55,55,18,21,20,35,0,5,Tract60Ply_18,,,,,0,0
19,110,0010,G11000100043,11000100043,0.0849369,1960,District Of Columbia,43,,TRACT 43,4534,268,204,181,218,327,360,386,366,384,375,372,347,241,178,145,103,49,30,759,16.7,746,16.5,505,11.1,2161,47.7,2373,52.3,653,14.4,3832,84.5,49,1.1,0,0,68,2137,441,97,129,134,1336,2076,955,583,227,130,72,48,30,31,2.2,287,1789,3,51,7,7,99,113,37,1,3,0,4,49,220,313,346,274,143,181,104,108,34,9,63,37,37,292,270,39,350,689,420,689,545,287,321,2659,63,21,1168,190,0,42,369,53,249,340,40,756,0,412,178,0,178,8,0,0,0,8,4,11,58,4,24,65,57,25,132,228,29,416,180,76,154,118,580,304,415,8,0,1663,214,64,74,167,1521,502,41,12,39,109,125,134,141,133,88,65,50,52,67,43,0,Tract60Ply_19,,,,,0,0
20,110,0010,G11000100001,11000100001,0.75427598,1960,District Of Columbia,1,,TRACT 1,5963,261,204,185,204,471,620,499,445,406,489,517,436,370,314,212,149,110,71,777,13,1226,20.6,856,14.4,2498,41.9,3465,58.1,5583,93.6,321,5.4,59,1,63,1.1,613,2932,1471,241,181,91,948,2785,1147,934,371,184,84,38,17,10,2.1,891,1894,30,23,94,1,6,20,42,76,690,0,0,4,4,8,81,154,94,225,277,390,336,285,239,22,8,348,123,18,43,258,271,348,806,918,1978,3486,41,130,1693,653,0,345,139,70,82,43,46,62,0,20,273,0,67,3,5,51,8,0,12,3,128,16,0,54,40,12,24,154,103,161,49,53,300,416,1093,734,1252,16,4,926,447,171,217,522,925,1521,269,70,25,27,24,57,68,39,70,124,68,68,316,179,250,Tract60Ply_20,,,,,0,0
21,110,0010,G11000100042,11000100042,0.15960599,1960,District Of Columbia,42,,TRACT 42,9015,666,518,384,380,787,822,734,744,685,695,704,586,477,335,252,123,79,44,1724,19.1,1310,14.5,833,9.2,4292,47.6,4723,52.4,3196,35.5,5721,63.5,98,1.1,16,0.2,576,4019,641,140,261,653,2324,3841,1871,1053,352,209,132,70,50,104,2.2,361,3480,7,101,70,10,38,128,86,28,37,4,19,72,293,352,728,654,551,308,200,124,114,15,716,80,80,659,636,97,345,960,775,1001,1164,893,1019,5217,244,35,2032,497,0,175,486,113,314,522,32,668,16,483,1143,3,216,0,18,35,5,8,15,3,111,16,47,127,76,26,175,323,131,363,323,125,262,316,1131,1362,1225,8,0,1884,827,144,118,897,2490,1093,118,140,147,126,223,268,229,100,153,122,54,73,175,68,35,Tract60Ply_21,,,,,0,0
22,110,0010,G110001000781,110001000781,1.13053,1960,District Of Columbia,78,1,TRACT 78-1,8111,1693,1458,1006,457,400,596,649,569,364,275,217,135,97,78,52,47,12,6,4516,55.7,292,3.6,195,2.4,3813,47,4298,53,155,1.9,7951,98,5,0.1,8,0.1,16,1857,339,99,339,660,420,1835,194,305,250,280,245,203,125,233,4.4,326,1509,5,13,4,1,27,112,83,41,22,0,39,111,104,138,256,197,408,173,63,12,4,0,12,238,238,2001,1964,28,150,482,363,825,583,317,345,2201,135,24,1717,254,8,68,502,62,258,480,14,472,0,382,90,0,112,0,39,7,0,4,28,0,75,12,19,74,49,40,51,170,52,149,75,128,168,59,707,183,1049,14,0,934,43,62,11,41,922,839,64,10,128,137,222,333,164,153,114,98,71,44,117,17,0,Tract60Ply_22,,,,,0,0
23,110,0010,G11000100014,11000100014,0.67185199,1960,District Of Columbia,14,,TRACT 14,6548,323,456,482,422,267,230,272,370,432,545,576,492,534,481,315,186,102,63,1577,24.1,1681,25.7,1147,17.5,2839,43.4,3709,56.6,6314,96.4,48,0.7,186,2.8,8,0.1,880,2424,1592,37,26,16,753,2338,542,787,349,313,173,94,41,39,2.8,1415,923,4,43,39,0,0,37,285,588,478,0,0,4,4,5,29,44,113,100,81,251,164,120,63,106,58,732,410,27,41,171,340,628,1069,904,1405,2946,37,40,2355,617,0,364,241,212,65,61,0,64,0,4,64,0,64,0,4,20,8,16,21,0,140,13,12,42,60,85,28,351,78,83,66,61,191,431,840,332,1618,0,0,909,130,51,92,137,569,1305,434,30,36,56,32,31,56,98,116,111,145,92,495,368,90,Tract60Ply_23,,,,,0,0
24,110,0010,G110001000954,110001000954,0.84494001,1960,District Of Columbia,95,4,TRACT 95-4,10516,1193,1143,902,596,543,756,920,906,861,697,593,435,349,231,154,95,67,75,3614,34.4,971,9.2,622,5.9,4928,46.9,5588,53.1,6877,65.4,3527,33.5,112,1.1,44,0.4,993,3099,2358,40,151,60,490,3037,194,796,710,679,402,144,63,49,3.4,2214,823,31,9,22,0,12,747,1227,177,33,0,0,0,0,4,8,37,136,168,250,158,41,0,128,247,221,1588,1322,88,195,481,712,1022,1957,840,853,4746,147,36,2504,625,0,483,761,342,406,397,8,355,0,175,265,0,162,0,28,33,8,16,33,8,156,20,57,107,100,155,128,866,111,69,202,113,195,253,1448,478,2980,4,0,1200,68,131,28,275,387,2099,507,44,39,37,44,83,223,325,270,300,380,266,653,156,12,Tract60Ply_24,,,,,0,0
25,110,0010,G11000100019,11000100019,0.65470898,1960,District Of Columbia,19,,TRACT 19,8533,715,764,685,573,476,489,574,676,540,604,573,513,463,347,277,143,77,44,2531,29.7,1351,15.8,888,10.4,4037,47.3,4496,52.7,4058,47.6,4385,51.4,90,1.1,8,0.1,870,2492,2074,99,143,42,134,2459,232,696,520,421,267,158,81,84,3.4,1925,534,22,9,2,1,50,791,907,124,20,0,4,0,4,5,50,109,60,54,111,79,39,4,53,166,153,1118,936,135,160,606,645,1172,1389,613,601,4044,114,52,2268,472,0,251,836,197,465,359,0,517,0,175,177,4,165,4,54,7,0,4,26,0,144,25,21,87,95,76,132,496,97,128,256,133,242,206,1236,406,2165,0,0,1451,81,71,38,209,603,1406,394,56,54,71,89,125,208,182,217,214,235,201,412,141,21,Tract60Ply_25,,,,,0,0
26,110,0010,G11000100011,11000100011,0.66658801,1960,District Of Columbia,11,,TRACT 11,5202,289,348,432,365,234,153,214,340,311,406,456,344,368,326,262,185,109,60,1318,25.3,1310,25.2,942,18.1,2287,44,2915,56,5036,96.8,73,1.4,93,1.8,9,0.2,839,1742,1310,15,25,35,357,1709,265,629,299,208,124,103,44,37,3,1085,624,9,12,12,0,4,86,298,273,371,0,0,4,0,8,4,14,13,57,97,109,183,102,81,56,37,625,439,19,44,213,235,437,903,616,1059,2295,65,61,1786,419,4,283,122,124,115,69,12,70,4,4,66,0,52,3,31,16,0,4,4,0,56,12,12,25,50,32,25,271,88,80,55,11,170,349,668,281,1177,0,0,742,97,66,129,85,362,1023,309,15,15,43,35,60,76,55,86,94,113,94,388,251,90,Tract60Ply_26,,,,,0,0
27,110,0010,G11000100020,11000100020,0.72829002,1960,District Of Columbia,20,,TRACT 20,7527,481,432,422,414,517,486,465,522,488,546,556,536,482,460,307,210,125,78,1610,21.4,1662,22.1,1180,15.7,3347,44.5,4180,55.5,4460,59.3,2939,39,128,1.7,8,0.1,870,2532,1252,91,235,149,805,2475,610,768,375,255,174,122,67,104,3,1144,1331,10,35,12,0,11,257,512,171,120,0,0,28,18,40,129,293,269,153,169,107,39,28,190,66,48,742,535,99,141,441,717,869,1401,751,849,3752,95,33,2385,483,0,221,332,151,317,235,10,467,8,118,440,4,106,4,8,12,0,8,54,0,80,8,24,97,49,32,119,344,103,111,100,89,247,274,1137,742,1669,5,8,1258,110,83,92,486,859,1221,348,47,38,62,84,102,158,156,195,162,173,98,332,182,46,Tract60Ply_27,,,,,0,0
28,110,0010,G11000100013,11000100013,1.66807997,1960,District Of Columbia,13,,TRACT 13,7803,165,232,316,441,335,300,443,542,644,750,736,707,731,629,405,217,134,76,910,11.7,2192,28.1,1461,18.7,2778,35.6,5025,64.4,7584,97.2,143,1.8,76,1,37,0.5,1016,3966,649,15,15,253,3034,3906,1807,1405,316,162,135,52,17,12,1.9,769,3137,4,23,33,0,7,26,93,76,559,8,4,0,4,4,20,46,264,833,358,768,470,308,380,51,21,437,283,20,50,199,326,702,1664,1305,2073,4302,63,17,2765,674,0,618,221,178,77,14,11,96,0,9,109,0,100,9,4,48,4,12,0,0,102,18,36,17,97,122,49,284,118,164,71,41,225,632,1478,671,1926,4,0,1477,199,149,277,222,1509,1866,445,86,25,32,34,24,70,78,90,91,99,112,522,423,396,Tract60Ply_28,,,,,0,0
29,110,0010,G11000100010,11000100010,1.28867996,1960,District Of Columbia,10,,TRACT 10,11698,542,531,672,811,707,570,620,697,804,1024,1135,1089,980,684,392,235,125,80,2260,19.3,2496,21.3,1516,13,5091,43.5,6607,56.5,11554,98.8,49,0.4,95,0.8,16,0.1,1078,5499,2318,32,80,343,2726,5220,2113,1546,682,472,237,112,35,23,2.2,2062,3158,4,213,62,0,3,88,463,665,808,12,0,17,876,172,30,62,413,203,433,577,152,166,250,94,78,997,616,28,62,274,583,955,2037,1679,2787,6112,102,185,3715,1151,0,619,499,206,248,92,13,80,0,24,240,12,115,0,40,41,15,24,23,8,184,12,14,68,119,121,72,555,147,96,137,45,422,625,2356,861,3114,14,4,1890,437,108,202,433,1617,2871,652,80,36,41,80,85,128,111,162,207,204,216,933,570,176,Tract60Ply_29,,,,,0,0
30,110,0010,G11000100021,11000100021,0.516774,1960,District Of Columbia,21,,TRACT 21,13754,1318,1037,938,839,965,1106,1077,1075,1002,956,865,671,636,545,354,203,105,62,3738,27.2,1905,13.9,1269,9.2,6307,45.9,7447,54.1,5184,37.7,8466,61.6,104,0.8,30,0.2,1133,4440,2893,181,343,169,854,4338,715,1362,826,594,330,221,125,165,3.2,2076,2262,10,49,43,6,71,899,865,90,16,0,0,4,32,44,175,457,515,277,418,221,73,9,50,135,117,1543,1301,224,331,1066,1027,1867,2166,1121,841,6905,221,58,3411,659,0,291,1255,191,702,819,26,891,0,560,703,0,315,9,34,12,5,12,64,8,287,9,80,159,134,83,261,577,180,323,340,207,339,351,2032,1084,3042,12,0,2742,143,227,78,549,1612,2326,358,42,99,91,169,275,407,436,386,358,266,272,641,124,16,Tract60Ply_30,,,,,0,0
31,110,0010,G11000100012,11000100012,0.44946,1960,District Of Columbia,12,,TRACT 12,5214,206,259,344,292,198,191,291,318,360,412,529,466,452,382,241,152,76,45,1021,19.6,1348,25.9,896,17.2,2156,41.4,3058,58.6,5067,97.2,39,0.7,108,2.1,18,0.3,629,2208,968,9,25,30,1176,2131,520,830,381,219,112,44,12,13,2.4,858,1273,7,30,40,0,3,25,223,278,329,4,4,13,4,12,17,32,178,134,93,235,217,306,0,24,24,498,326,21,20,117,269,467,997,771,1249,2541,43,31,1861,560,0,312,175,125,59,28,0,72,0,8,80,4,69,5,8,17,9,7,8,0,72,4,21,37,45,52,40,252,74,53,49,19,203,307,879,307,1215,0,4,833,174,74,114,110,564,1240,287,40,59,26,48,41,65,54,74,78,150,105,418,308,129,Tract60Ply_31,,,,,0,0
32,110,0010,G110001000953,110001000953,0.541861,1960,District Of Columbia,95,3,TRACT 95-3,4595,411,386,366,294,226,327,348,394,327,310,314,246,230,176,106,72,42,20,1341,29.2,646,14.1,416,9.1,2315,50.4,2280,49.6,2457,53.5,2110,45.9,28,0.6,0,0,249,1182,1178,4,0,0,0,1166,73,312,268,237,133,64,41,38,3.5,1085,81,8,8,0,0,2,277,567,202,29,0,0,0,0,0,3,0,0,0,10,26,27,0,463,50,33,597,277,17,44,185,314,469,711,408,752,2109,41,7,1331,421,0,182,472,84,172,172,4,170,0,20,83,0,52,4,4,24,0,0,8,4,81,4,11,12,41,22,37,156,28,12,64,82,227,199,854,183,1255,3,0,518,65,36,84,99,137,746,268,15,4,10,16,42,51,56,78,71,96,152,390,97,4,Tract60Ply_32,,,,,0,0
33,110,0010,G110001000952,110001000952,0.62299198,1960,District Of Columbia,95,2,TRACT 95-2,7830,850,704,566,393,591,625,735,646,511,497,457,345,341,230,170,87,50,32,2379,30.4,910,11.6,569,7.3,3485,44.5,4345,55.5,4350,55.6,3410,43.6,70,0.9,4,0.1,372,2230,1646,15,444,53,72,2210,248,642,448,387,252,124,57,52,3.3,1376,834,0,9,11,1,30,752,539,27,7,0,0,0,4,15,71,356,83,64,54,133,43,0,537,143,117,1029,617,24,72,536,496,943,1169,639,824,3549,99,59,2096,528,0,133,651,103,441,326,0,347,0,110,67,0,138,4,78,5,0,21,28,0,150,8,32,135,98,70,64,262,61,86,127,225,350,199,1147,261,2088,0,0,995,169,74,95,95,514,1397,269,30,34,40,52,95,196,228,177,178,194,246,380,65,5,Tract60Ply_33,,,,,0,0
34,110,0010,G110001000951,110001000951,0.58902001,1960,District Of Columbia,95,1,TRACT 95-1,3980,372,147,103,379,624,559,405,262,218,214,230,129,131,82,53,41,20,11,707,17.8,338,8.5,207,5.2,2111,53,1869,47,3422,86,520,13.1,38,1,20,0.5,304,1290,225,405,15,248,397,1247,270,508,270,119,48,18,9,5,2.4,242,1005,7,36,0,0,4,128,97,5,1,0,0,4,0,20,108,179,310,176,144,52,8,0,954,34,28,212,139,0,54,230,158,413,532,264,713,1996,31,8,1335,424,0,60,253,43,137,123,0,135,0,24,153,4,76,0,17,27,3,0,20,4,61,5,4,55,38,43,65,140,53,16,72,137,287,191,392,286,988,3,0,513,138,30,112,186,311,789,127,20,8,27,20,62,113,122,141,119,68,70,137,11,4,Tract60Ply_34,,,,,0,0
35,110,0010,G11000100022,11000100022,0.42630899,1960,District Of Columbia,22,,TRACT 22,9472,981,855,657,571,692,680,719,710,607,623,560,495,439,352,248,157,83,43,2831,29.9,1322,14,883,9.3,4313,45.5,5159,54.5,3071,32.4,6349,67,52,0.5,36,0.4,561,2821,1912,209,400,33,267,2761,391,796,512,382,251,173,116,140,3.4,1578,1183,38,15,7,0,108,781,574,22,16,0,0,5,9,44,104,204,250,209,113,133,59,0,27,102,98,1342,1157,79,278,806,772,1144,1552,571,496,4562,224,52,2249,411,0,181,795,160,559,462,32,558,0,342,468,0,220,0,16,54,0,9,29,12,110,8,21,104,100,77,152,407,90,220,223,214,250,235,1375,636,2055,0,0,1817,94,41,50,448,1091,1386,268,16,26,75,141,205,322,298,251,184,174,175,375,69,4,Tract60Ply_35,,,,,0,0
36,110,0010,G11000100026,11000100026,0.76866502,1960,District Of Columbia,26,,TRACT 26,2732,129,180,184,162,109,90,118,192,220,244,229,225,216,177,132,70,30,25,583,21.3,650,23.8,434,15.9,1214,44.4,1518,55.6,1422,52,1294,47.4,16,0.6,0,0,271,922,682,6,0,0,234,897,156,285,174,128,72,44,18,20,3,616,281,6,0,19,0,1,10,70,137,392,0,0,0,5,0,0,4,4,63,14,101,51,15,45,22,22,278,161,12,20,102,117,198,373,332,828,1336,15,18,903,479,0,136,114,59,58,38,6,75,0,34,93,5,62,0,4,4,0,0,9,0,20,0,4,16,8,14,8,75,9,52,37,11,226,205,379,188,794,0,0,295,30,44,52,114,142,554,166,35,11,9,21,16,24,35,28,20,41,58,214,175,76,Tract60Ply_36,,,,,0,0
37,110,0010,G11000100009,11000100009,1.91154003,1960,District Of Columbia,9,,TRACT 9,6715,364,481,528,929,526,214,276,371,440,529,590,476,385,275,153,107,47,24,1731,25.8,991,14.8,606,9,3093,46.1,3622,53.9,6533,97.3,129,1.9,53,0.8,25,0.4,498,1874,1705,37,53,12,67,1835,199,629,344,290,188,101,45,39,3.2,1518,317,11,11,17,0,11,123,207,157,1003,0,0,0,10,0,14,15,15,34,38,69,34,74,857,104,73,821,268,21,74,233,299,345,654,759,1524,2649,53,28,2705,713,4,343,140,139,127,58,16,46,0,12,103,0,102,4,21,18,15,6,8,0,87,11,20,37,63,30,45,170,64,233,74,27,264,443,531,376,1519,17,0,514,138,53,240,135,142,947,633,113,17,20,13,42,62,66,71,74,54,83,349,395,354,Tract60Ply_37,,,,,0,0
38,110,0010,G11000100094,11000100094,0.60475397,1960,District Of Columbia,94,,TRACT 94,6012,548,592,553,384,265,277,401,547,511,430,365,320,266,216,153,95,64,25,1951,32.5,819,13.6,553,9.2,2767,46,3245,54,1869,31.1,4134,68.8,9,0.1,32,0.5,188,1726,1543,40,0,30,113,1700,169,473,376,283,172,81,50,96,3.5,1392,308,15,5,6,2,32,495,553,208,83,0,0,5,4,8,60,36,21,33,64,41,24,0,74,93,82,935,694,12,99,335,380,754,829,474,781,2822,79,22,1464,563,0,154,551,85,337,294,8,317,0,176,35,0,93,0,63,28,0,0,25,0,145,12,40,63,67,70,61,202,41,77,108,76,404,182,910,155,1683,4,0,855,79,61,51,65,408,972,305,15,24,30,37,89,122,155,171,138,162,98,413,88,18,Tract60Ply_39,,,,,0,0
39,110,0010,G110001000231,110001000231,0.154805,1960,District Of Columbia,23,1,TRACT 23-1,4418,426,391,371,264,323,303,343,311,308,337,276,222,156,147,115,77,31,17,1346,30.5,543,12.3,387,8.8,2041,46.2,2377,53.8,729,16.5,3683,83.4,6,0.1,0,0,156,1239,808,183,66,16,166,1215,145,290,251,210,112,78,67,62,3.6,717,498,0,12,12,7,24,383,242,6,1,0,0,7,14,29,41,74,87,77,71,49,25,4,40,100,82,591,506,55,141,414,393,501,652,242,243,1976,82,34,1205,163,0,82,375,44,167,303,0,409,0,234,214,0,49,4,8,0,0,4,9,0,61,4,44,67,28,11,72,203,37,131,85,66,111,60,625,297,896,4,9,820,42,27,12,162,466,601,143,5,34,39,52,114,183,105,89,77,90,72,127,20,0,Tract60Ply_40,,,,,0,0
40,110,0010,G11000100024,11000100024,0.20259701,1960,District Of Columbia,24,,TRACT 24,5497,524,563,432,369,358,390,421,444,400,347,348,257,174,164,136,82,54,34,1751,31.9,644,11.7,470,8.6,2521,45.9,2976,54.1,791,14.4,4675,85,31,0.6,5,0.1,187,1490,1094,49,66,22,259,1463,229,310,265,229,162,111,60,97,3.7,772,691,0,0,27,4,22,419,289,17,6,0,0,4,25,49,83,139,116,60,81,86,36,0,111,84,84,777,632,88,244,576,424,689,642,252,325,2549,134,0,1370,283,0,62,439,28,297,342,32,494,8,314,294,0,145,0,30,0,5,0,31,0,50,4,25,53,47,39,117,162,45,251,161,81,166,114,698,325,943,10,4,1203,63,57,17,209,663,709,70,21,39,57,89,116,155,124,110,102,71,68,196,24,9,Tract60Ply_41,,,,,0,0
41,110,0010,G110001000232,110001000232,0.80565,1960,District Of Columbia,23,2,TRACT 23-2,2134,5,4,5,110,71,38,37,16,73,141,261,233,285,270,235,166,127,57,19,0.9,1140,53.4,855,40.1,1882,88.2,252,11.8,2037,95.5,83,3.9,14,0.7,10,0.5,296,22,22,0,0,0,0,22,5,5,5,1,2,4,0,0,3.1,0,22,0,0,0,0,0,0,0,0,0,0,0,0,4,0,0,0,0,0,0,0,0,0,2066,0,0,4,0,44,148,403,538,361,290,77,93,233,8,0,1882,89,0,4,5,0,4,0,0,0,0,0,17,0,0,0,0,0,0,0,0,0,0,0,0,0,0,0,0,7,4,0,0,167,3,12,8,32,19,0,0,6,177,0,4,27,4,13,5,0,0,0,0,0,0,0,0,5,5,0,4,8,0,Tract60Ply_42,,,,,0,0
42,110,0010,G11000100006,11000100006,0.56565201,1960,District Of Columbia,6,,TRACT 6,5487,221,321,344,291,200,168,239,365,369,439,468,448,437,389,327,228,125,108,1097,20,1614,29.4,1177,21.5,2135,38.9,3352,61.1,5231,95.3,128,2.3,128,2.3,8,0.1,820,2263,1001,25,21,15,1201,2213,761,755,272,179,120,66,34,26,2.4,1130,1083,8,17,25,0,69,83,233,246,450,8,4,15,18,41,64,127,192,76,156,86,102,129,220,67,55,527,304,64,64,193,242,464,882,690,1518,2551,40,48,2024,489,0,215,104,95,97,16,12,127,0,4,108,0,16,0,0,9,5,4,4,0,93,12,12,12,42,28,39,202,72,143,47,21,144,382,884,380,1132,3,8,880,98,65,210,167,819,1093,215,86,12,40,62,27,54,83,71,77,68,69,373,323,103,Tract60Ply_43,,,,,0,0
43,110,0010,G11000100032,11000100032,0.172023,1960,District Of Columbia,32,,TRACT 32,6608,633,550,559,456,480,434,435,542,519,539,383,347,272,195,133,73,34,24,1993,30.2,731,11.1,459,6.9,3091,46.8,3517,53.2,110,1.7,6496,98.3,2,0,0,0,60,1779,1217,142,197,58,165,1744,177,434,334,305,187,123,64,120,3.7,874,870,13,19,3,4,51,480,298,13,1,0,0,8,47,108,109,169,103,93,72,94,38,0,112,107,100,884,864,48,284,770,502,869,828,346,293,3149,226,15,1568,232,8,94,513,40,460,570,0,696,8,405,400,0,190,8,4,4,0,5,16,0,75,4,51,102,55,37,111,217,59,305,195,156,243,138,749,425,1159,0,4,1510,110,69,8,253,856,718,150,20,74,73,134,223,277,178,132,50,113,122,126,32,5,Tract60Ply_45,,,,,0,0
44,110,0010,G11000100008,11000100008,1.94971001,1960,District Of Columbia,8,,TRACT 8,6235,390,388,389,466,399,322,330,404,427,551,518,508,440,318,173,123,58,31,1439,23.1,1143,18.3,703,11.3,2716,43.6,3519,56.4,6073,97.4,109,1.7,53,0.9,34,0.5,649,2282,1467,11,84,85,635,2190,409,835,415,249,146,69,39,28,2.7,1216,974,31,39,22,1,8,40,119,223,808,0,0,0,0,16,28,77,203,66,64,89,179,220,257,56,25,676,282,21,61,160,226,404,788,844,1682,2927,12,54,2144,693,8,387,144,138,126,36,35,51,0,18,93,0,93,4,8,37,0,8,12,0,90,28,9,38,58,24,9,237,88,204,40,51,192,435,843,419,1601,0,4,740,90,101,247,148,344,1175,581,90,8,25,41,37,66,73,98,85,84,62,402,392,389,Tract60Ply_46,,,,,0,0
45,110,0010,G11000100029,11000100029,0.117777,1960,District Of Columbia,29,,TRACT 29,5832,573,463,362,332,507,487,498,535,474,430,358,259,185,146,98,62,39,24,1591,27.3,554,9.5,369,6.3,2747,47.1,3085,52.9,366,6.3,5426,93,40,0.7,17,0.3,114,1958,1157,54,133,150,464,1911,480,547,316,213,145,80,54,76,3,551,1360,0,25,22,0,25,327,123,8,3,0,0,20,99,125,270,297,246,106,74,64,7,4,155,75,71,696,672,81,245,666,490,669,817,318,280,3062,187,19,1244,260,10,54,413,61,288,494,70,753,0,304,472,0,168,0,8,0,0,22,20,5,60,3,22,84,48,43,157,208,51,380,168,167,126,152,682,488,774,0,0,1487,175,77,38,368,1186,645,63,17,72,73,186,166,134,165,99,61,91,66,97,23,3,Tract60Ply_47,,,,,0,0
46,110,0010,G11000100027,11000100027,0.31367901,1960,District Of Columbia,27,,TRACT 27,11554,789,603,530,634,1157,849,896,916,759,735,749,725,611,518,468,303,182,130,2210,19.1,2212,19.1,1601,13.9,5197,45,6357,55,8445,73.1,2802,24.3,307,2.7,55,0.5,1459,5067,1905,135,364,476,2187,4844,2213,1279,527,317,193,125,62,128,2.3,1069,3775,24,155,44,0,35,423,429,46,55,0,8,86,86,187,353,550,588,785,390,398,208,53,544,84,80,895,763,42,199,636,796,1236,2050,1439,1435,6572,151,38,2963,708,0,351,712,217,512,443,5,522,0,191,522,0,284,13,47,38,13,13,81,0,170,37,26,139,120,83,288,646,134,158,282,141,316,463,2121,959,2014,13,0,3129,269,265,85,664,2713,1768,274,89,82,116,195,196,305,270,241,188,132,156,392,124,7,Tract60Ply_48,,,,,0,0
47,110,0010,G11000100031,11000100031,0.117279,1960,District Of Columbia,31,,TRACT 31,4165,404,353,308,255,239,292,270,315,261,288,277,276,195,186,131,60,34,21,1268,30.4,627,15.1,432,10.4,1916,46,2249,54,50,1.2,4105,98.6,10,0.2,0,0,30,1257,734,117,86,74,246,1226,212,340,226,156,115,59,44,74,3.3,462,764,0,21,10,2,63,284,76,7,1,0,4,21,38,69,170,145,69,78,81,56,21,0,60,48,40,586,543,45,219,467,303,609,474,274,203,1901,107,12,1128,136,0,84,254,52,194,367,0,422,0,286,180,0,140,0,12,0,4,0,20,0,16,0,9,33,28,24,98,163,20,246,159,67,101,93,435,233,549,0,0,1002,112,38,23,136,708,497,21,0,39,50,99,179,161,101,45,78,72,16,69,4,0,Tract60Ply_49,,,,,0,0
48,110,0010,G11000100091,11000100091,1.24036002,1960,District Of Columbia,91,,TRACT 91,9715,1133,884,776,580,641,646,762,793,683,595,599,417,330,240,228,186,114,108,3062,31.5,1206,12.4,876,9,4482,46.1,5233,53.9,4327,44.5,5305,54.6,83,0.9,5,0.1,314,2963,1494,228,278,664,299,2890,465,842,561,398,270,150,77,127,3.2,1265,1625,12,41,20,1,76,642,410,70,30,0,0,4,8,36,222,435,424,269,119,84,20,0,336,261,231,1251,1105,57,192,662,712,1350,1503,626,609,4522,126,54,2334,354,0,176,767,139,657,582,0,451,4,313,312,0,225,0,62,30,4,33,65,0,247,41,57,155,109,109,153,514,52,153,169,129,329,149,1195,542,2167,0,0,1650,207,96,13,339,939,1654,262,35,61,75,77,185,282,325,241,171,209,169,419,92,0,Tract60Ply_50,,,,,0,0
49,110,0010,G11000100093,11000100093,0.5898,1960,District Of Columbia,93,,TRACT 93,7657,631,646,610,488,527,517,566,669,551,585,480,405,313,256,183,124,58,48,2197,28.7,982,12.8,669,8.7,3603,47.1,4054,52.9,1912,25,5685,74.2,60,0.8,9,0.1,202,2387,1425,226,83,36,617,2319,434,681,403,293,205,122,78,103,3.2,1215,1104,10,41,17,0,48,534,428,97,56,0,0,4,16,34,74,170,245,209,154,144,17,0,227,141,134,1016,813,30,209,514,477,756,1155,692,959,3674,182,26,1984,583,0,196,576,115,437,434,28,444,0,360,263,0,188,8,25,13,4,0,45,5,130,9,60,104,63,53,64,233,56,136,170,127,461,204,1128,388,1936,4,0,1139,182,76,69,195,782,1150,346,41,44,58,100,120,192,203,172,126,145,164,358,105,4,Tract60Ply_51,,,,,0,0
50,110,0010,G11000100007,11000100007,0.315557,1960,District Of Columbia,7,,TRACT 7,8548,264,180,187,181,437,608,562,648,599,776,953,827,839,640,406,254,122,65,720,8.4,2326,27.2,1487,17.4,3263,38.2,5285,61.8,8330,97.4,121,1.4,97,1.1,12,0.1,1154,4929,288,16,178,204,4243,4741,2160,1873,464,152,55,14,12,11,1.8,796,3945,0,82,106,2,53,148,188,162,235,13,9,7,21,62,111,273,415,739,520,749,638,328,104,35,22,287,139,31,44,169,356,797,1790,1535,2576,5283,55,101,2513,937,4,551,265,207,111,81,4,104,0,8,207,0,59,0,20,59,8,20,20,9,100,15,20,72,95,107,41,397,219,50,77,183,283,720,1804,905,2531,8,0,1675,312,186,110,453,1585,2741,374,41,43,30,64,88,124,132,157,141,122,180,569,492,210,Tract60Ply_52,,,,,0,0
51,110,0010,G11000100005,11000100005,0.58968198,1960,District Of Columbia,5,,TRACT 5,7285,205,180,218,262,464,384,407,435,447,593,654,681,648,621,459,316,176,135,750,10.3,2355,32.3,1707,23.4,2690,36.9,4595,63.1,7039,96.6,130,1.8,116,1.6,4,0.1,980,3869,657,73,131,103,2905,3728,1685,1352,379,157,80,42,16,17,1.9,583,3145,4,76,61,0,0,21,98,130,309,16,16,19,17,32,103,208,327,414,485,515,504,392,217,37,28,346,159,27,36,200,418,696,1531,1312,1740,4037,69,85,2531,606,0,455,260,143,97,37,10,158,0,28,145,0,61,0,13,19,13,12,0,0,90,28,25,81,32,55,61,281,128,93,184,34,228,606,1361,632,1603,4,4,1589,264,201,138,231,1829,1495,326,78,38,51,51,49,70,117,103,83,73,93,445,302,226,Tract60Ply_53,,,,,0,0
52,110,0010,G11000100092,11000100092,0.58391303,1960,District Of Columbia,92,,TRACT 92,8053,635,557,471,759,1075,677,590,565,502,525,433,386,275,259,186,106,34,18,1957,24.3,878,10.9,603,7.5,3790,47.1,4263,52.9,3820,47.4,4170,51.8,63,0.8,35,0.4,340,2252,1079,86,187,154,746,2158,525,649,331,251,131,103,74,94,3,778,1380,8,74,12,1,50,513,152,5,2,0,0,4,25,39,330,348,220,130,162,63,17,4,1571,111,102,859,724,52,217,580,627,986,919,426,746,3713,126,20,2600,375,0,82,574,96,434,565,8,334,0,259,265,0,192,0,30,11,4,8,55,0,135,17,43,101,85,57,196,311,69,120,170,151,372,253,810,523,1419,12,0,1260,215,49,232,420,902,1055,177,24,19,75,106,152,155,196,232,137,130,102,209,50,3,Tract60Ply_54,,,,,0,0
53,110,0010,G11000100004,11000100004,0.598548,1960,District Of Columbia,4,,TRACT 4,1280,38,91,104,54,42,36,55,78,94,119,114,103,101,88,71,40,37,15,254,19.8,352,27.5,251,19.6,552,43.1,728,56.9,1192,93.1,58,4.5,30,2.3,0,0,312,374,363,5,0,0,6,362,27,112,89,58,32,25,8,11,3.3,291,71,6,3,3,0,0,0,3,12,275,0,0,0,0,0,0,4,8,0,0,0,11,37,69,11,6,138,97,10,18,43,89,79,197,168,346,617,0,24,416,132,0,96,16,18,11,8,27,20,0,0,15,0,21,0,0,0,4,0,0,0,7,0,0,0,6,14,14,16,21,177,4,0,79,101,94,59,250,0,0,80,14,16,239,33,31,190,105,36,0,0,0,8,4,16,8,4,12,0,66,54,116,Tract60Ply_55,,,,,0,0
54,110,0010,G11000100030,11000100030,0.0816925,1960,District Of Columbia,30,,TRACT 30,4533,491,310,215,218,432,371,413,375,363,314,257,221,176,146,106,71,38,16,1193,26.3,553,12.2,377,8.3,2126,46.9,2407,53.1,455,10,4044,89.2,34,0.8,0,0,53,1728,302,165,328,380,553,1673,609,473,213,145,97,59,28,49,2.6,257,1416,0,40,15,2,10,87,97,12,4,8,11,42,128,225,364,259,195,78,32,41,17,0,252,31,31,384,350,46,241,537,486,639,563,158,185,2193,138,38,1198,56,0,65,248,56,244,329,16,440,16,302,361,0,143,0,4,7,0,4,18,8,33,20,23,42,11,8,140,195,39,298,168,58,80,87,367,440,502,0,0,1163,116,48,16,323,1228,404,31,10,98,129,110,204,158,74,66,52,32,17,70,18,0,Tract60Ply_56,,,,,0,0
55,110,0010,G110001000775,110001000775,0.41895199,1960,District Of Columbia,77,5,TRACT 77-5 ,6338,857,967,849,506,306,358,400,534,436,357,255,196,129,89,49,26,16,8,2971,46.9,317,5,188,3,3029,47.8,3309,52.2,18,0.3,6311,99.6,9,0.1,0,0,19,1465,1149,5,151,20,140,1440,80,324,260,232,154,119,80,191,4.4,804,636,0,17,8,22,144,391,213,17,12,0,0,42,27,23,82,156,130,91,54,31,0,0,28,175,171,1405,1380,38,199,518,407,813,563,211,140,2258,120,24,1384,150,0,30,556,26,304,469,16,360,0,428,302,0,165,7,19,0,12,0,11,0,89,7,12,58,50,22,49,119,18,136,142,110,131,48,757,296,1088,0,0,833,60,27,0,202,622,682,131,5,89,76,90,212,194,127,118,129,97,70,150,8,0,Tract60Ply_57,,,,,0,0
56,110,0010,G110001000774,110001000774,0.66046798,1960,District Of Columbia,77,4,TRACT 77-4,11401,2026,1591,1013,590,788,1120,1121,1026,689,532,326,231,130,83,67,37,20,11,4974,43.6,348,3.1,218,1.9,5513,48.4,5888,51.6,619,5.4,10727,94.1,55,0.5,0,0,92,3177,1724,146,763,199,345,3060,222,679,668,605,429,215,114,128,3.7,1304,1756,23,81,13,1,103,841,259,93,5,0,12,20,51,36,165,733,523,105,80,24,3,0,23,298,271,2036,1871,34,205,706,464,1425,1409,589,509,4617,160,80,2034,461,0,119,1141,74,607,828,10,722,0,587,549,0,174,0,54,5,4,4,43,0,222,12,45,87,74,35,113,381,71,185,150,265,238,132,1741,582,2566,8,0,1389,68,77,16,484,1068,1831,141,20,79,105,153,349,502,300,323,206,271,225,249,25,0,Tract60Ply_58,,,,,0,0
57,110,0010,G11000100066,11000100066,0.124073,1960,District Of Columbia,66,,TRACT 66,3004,229,162,137,206,219,181,166,215,202,224,227,249,157,166,107,76,50,31,610,20.3,587,19.5,430,14.3,1523,50.7,1481,49.3,2255,75.1,717,23.9,32,1.1,0,0,140,1342,417,209,283,289,144,1219,448,371,170,99,61,25,19,26,2.4,294,925,20,72,31,0,14,58,75,30,55,0,11,52,98,169,140,138,111,52,91,16,27,16,79,13,13,265,203,35,177,366,308,314,371,176,297,1489,103,4,907,122,0,108,207,20,105,122,0,120,0,147,68,0,128,9,16,8,8,8,30,0,24,0,20,43,16,29,73,100,44,43,58,26,105,29,501,171,368,5,0,599,316,25,29,129,715,432,67,5,25,51,54,72,96,81,68,48,19,31,70,24,20,Tract60Ply_59,,,,,0,0
58,110,0010,G11000100067,11000100067,0.17583901,1960,District Of Columbia,67,,TRACT 67,6850,855,717,648,547,491,373,445,456,436,411,358,365,237,207,134,101,42,27,2589,37.8,748,10.9,511,7.5,3353,48.9,3497,51.1,2000,29.2,4824,70.4,26,0.4,17,0.2,104,2027,1043,343,372,148,121,1896,414,453,253,230,177,127,91,151,3.6,587,1309,18,84,29,3,79,287,100,16,7,0,8,25,100,204,167,173,172,122,148,127,27,0,113,112,105,1171,984,118,387,700,673,907,532,163,132,2578,200,9,1938,174,0,55,234,95,380,552,0,420,0,524,269,0,200,8,31,12,4,28,33,0,81,0,55,88,71,55,123,264,32,177,199,91,76,120,502,328,850,14,0,1168,124,64,97,223,1075,757,53,11,62,92,157,225,207,190,96,89,89,47,125,17,0,Tract60Ply_60,,,,,0,0
59,110,0010,G11000100065,11000100065,0.258461,1960,District Of Columbia,65,,TRACT 65,4730,377,358,300,246,309,368,324,339,336,366,351,303,255,188,139,89,54,28,1163,24.6,753,15.9,498,10.5,2268,47.9,2462,52.1,2488,52.6,2183,46.2,59,1.2,4,0.1,192,2054,622,233,417,298,484,1802,661,527,235,143,70,63,33,70,2.6,457,1345,16,134,102,0,33,148,81,37,58,12,13,38,90,132,190,171,140,141,209,115,64,5,96,40,35,564,485,19,243,554,421,540,462,336,577,2381,134,12,1215,288,0,98,279,62,204,248,24,171,0,275,184,0,128,4,55,20,0,11,44,0,73,8,22,43,47,19,123,177,37,117,58,40,194,103,761,297,612,0,5,748,584,87,57,224,1081,615,87,19,42,48,121,98,102,140,83,82,59,45,129,75,19,Tract60Ply_61,,,,,0,0
60,110,0010,G11000100062,11000100062,1.59230006,1960,District Of Columbia,62,,TRACT 62,99,14,11,8,5,2,4,4,7,1,5,11,8,4,13,2,0,0,0,11,11.1,19,19.2,15,15.2,51,51.5,48,48.5,49,49.5,50,50.5,0,0,0,0,0,33,24,0,9,0,0,33,13,11,4,1,0,1,0,3,3,11,22,0,0,0,0,0,0,0,0,0,0,0,0,5,17,0,0,0,0,0,0,0,0,0,0,0,11,11,0,0,39,5,22,0,5,17,44,0,0,55,0,0,6,0,0,11,15,0,0,0,0,12,0,0,0,0,0,0,0,0,0,11,0,0,5,0,5,0,0,0,0,0,0,0,0,6,17,16,0,0,0,6,5,0,17,0,0,16,17,16,0,0,0,0,5,0,0,0,0,6,0,0,Tract60Ply_62,,,,,0,0
61,110,0010,G11000100060,11000100060,0.41885599,1960,District Of Columbia,60,,TRACT 60,1699,250,284,180,87,58,106,203,166,107,71,72,42,35,23,11,4,0,0,775,45.6,73,4.3,38,2.2,816,48,883,52,633,37.3,1056,62.2,10,0.6,0,0,66,622,162,0,41,0,419,517,175,152,30,14,27,34,30,55,3.3,0,517,0,85,20,0,0,0,0,0,0,0,0,37,33,37,41,36,12,8,20,150,123,20,14,29,29,411,411,7,42,125,39,190,156,82,197,532,41,52,382,84,0,40,23,26,66,50,0,31,0,78,63,0,31,0,9,0,0,0,5,0,18,0,4,10,0,17,8,50,9,12,10,0,10,53,222,64,229,10,0,164,104,19,0,39,192,325,0,0,12,12,63,56,43,28,9,7,12,3,42,35,7,Tract60Ply_63,,,,,0,0
62,110,0010,G11000100061,11000100061,0.217648,1960,District Of Columbia,61,,TRACT 61,60,10,10,5,2,3,2,1,2,5,7,4,3,1,4,0,1,0,0,33,55,6,10,5,8.3,36,60,24,40,18,30,42,70,0,0,0,0,0,10,5,0,5,0,0,10,4,0,2,0,0,0,1,3,4.9,0,10,0,0,0,0,0,0,0,0,0,0,0,0,0,3,4,0,3,0,0,0,0,0,11,3,3,20,20,0,0,3,4,3,0,0,9,18,0,0,9,6,0,0,0,0,0,4,0,4,0,0,0,0,0,0,0,0,0,0,0,0,0,0,0,4,0,0,4,0,0,0,0,0,0,7,3,0,3,0,0,0,8,0,7,0,5,5,0,0,0,0,0,3,0,0,4,0,0,0,0,0,0,Tract60Ply_64,,,,,0,0
63,110,0010,G11000100069,11000100069,0.15641201,1960,District Of Columbia,69,,TRACT 69,4897,632,629,539,358,258,268,303,311,310,265,280,220,145,138,94,66,47,34,2049,41.8,524,10.7,379,7.7,2401,49,2496,51,914,18.7,3971,81.1,12,0.2,0,0,68,1261,848,173,206,20,14,1188,171,274,158,145,122,111,70,137,4.1,425,763,0,40,33,8,117,211,51,1,4,0,0,0,12,76,116,141,145,97,65,103,8,0,51,133,133,990,922,87,248,610,404,610,328,111,56,1745,133,0,1308,65,0,42,133,28,226,470,0,317,8,333,299,4,169,11,20,0,4,3,24,0,52,4,21,70,61,35,89,145,43,135,134,56,20,29,343,273,518,0,0,749,100,48,15,214,734,423,15,16,71,66,121,162,158,97,87,61,31,45,67,16,3,Tract60Ply_65,,,,,0,0
64,110,0010,G11000100070,11000100070,0.168376,1960,District Of Columbia,70,,TRACT 70,5973,686,704,599,431,450,304,358,376,362,364,348,308,190,203,136,97,33,24,2248,37.6,683,11.4,493,8.3,3017,50.5,2956,49.5,1822,30.5,4114,68.9,37,0.6,8,0.1,100,1641,885,165,245,261,85,1552,342,365,215,163,130,117,73,147,3.7,358,1194,14,46,29,5,103,169,37,12,8,0,36,41,142,119,230,193,145,82,139,51,8,0,307,102,102,1089,1040,119,445,759,561,623,422,95,78,1980,276,192,1629,39,0,54,150,70,287,458,4,266,0,433,297,4,177,4,49,0,4,17,79,0,33,4,4,104,58,32,98,191,32,185,139,82,20,40,330,294,640,0,0,881,288,78,16,208,904,537,90,21,96,97,168,150,125,131,72,75,93,54,106,27,7,Tract60Ply_66,,,,,0,0
65,110,0010,G110001000772,110001000772,1.31616998,1960,District Of Columbia,77,2,TRACT 77-2,6237,598,585,527,449,350,364,348,416,463,502,474,388,306,183,144,78,41,21,2006,32.2,773,12.4,467,7.5,2983,47.8,3254,52.2,4741,76,1462,23.4,34,0.5,14,0.2,261,1914,1478,40,127,28,241,1865,198,551,390,308,196,108,58,56,3.3,1320,545,29,20,0,1,29,688,282,177,122,0,0,0,0,8,47,169,93,29,97,56,17,0,0,95,80,925,517,32,95,417,606,802,1053,371,334,2806,61,70,1681,257,0,182,302,168,398,165,0,308,0,78,147,0,187,4,73,12,5,0,39,4,169,8,38,67,75,42,46,318,58,43,106,87,140,128,863,294,1733,0,0,799,63,49,13,144,414,1100,298,53,26,28,66,63,128,156,161,191,171,98,377,154,16,Tract60Ply_67,,,,,0,0
66,110,0010,G11000100072,11000100072,0.56154501,1960,District Of Columbia,72,,TRACT 72,5551,1233,742,445,325,496,469,305,273,255,208,195,198,109,96,91,56,29,26,2612,47.1,407,7.3,298,5.4,2660,47.9,2891,52.1,513,9.2,5009,90.2,29,0.5,0,0,11,1415,556,17,75,375,392,1373,142,248,218,276,244,106,60,79,3.9,79,1294,3,33,6,3,36,24,6,5,1,4,116,84,179,220,271,155,95,55,72,16,4,0,158,88,88,974,955,78,272,575,327,590,355,41,47,1192,120,152,1738,16,0,3,179,28,62,332,8,350,0,431,205,0,139,0,17,0,4,5,8,0,26,13,0,25,46,28,70,141,31,135,52,67,28,12,185,160,228,0,0,766,170,39,0,101,1069,284,20,0,139,179,283,311,114,65,47,8,13,0,20,18,4,Tract60Ply_69,,,,,0,0
67,110,0010,G11000100063,11000100063,0.26895201,1960,District Of Columbia,63,,TRACT 63,2360,573,202,136,133,460,225,120,81,92,61,79,63,55,31,29,12,3,5,1010,42.8,135,5.7,80,3.4,1330,56.4,1030,43.6,829,35.1,1514,64.2,17,0.7,12,0.5,34,551,52,6,36,85,372,543,61,96,94,127,106,37,6,16,3.7,12,531,0,4,4,2,1,1,1,3,1,0,43,32,56,99,149,78,13,20,12,16,13,0,352,55,55,230,213,16,82,149,157,194,130,75,66,472,42,408,553,20,0,12,76,16,59,126,0,152,0,91,64,0,32,0,0,0,0,0,8,4,26,4,8,46,0,12,19,73,8,13,24,20,19,16,61,79,189,0,0,275,311,12,0,78,331,201,0,11,32,63,75,156,50,20,21,8,22,4,16,12,12,Tract60Ply_70,,,,,0,0
68,110,0010,G11000100064,11000100064,0.25830501,1960,District Of Columbia,64,,TRACT 64,3262,541,509,316,225,190,214,194,206,160,173,145,125,108,66,43,32,7,8,1569,48.1,264,8.1,156,4.8,1477,45.3,1785,54.7,42,1.3,3218,98.7,2,0.1,0,0,0,1004,452,290,27,219,16,942,127,227,193,155,101,62,45,32,3.5,80,862,0,52,10,8,42,4,0,0,1,0,33,86,64,138,245,158,73,38,23,4,0,0,0,107,107,648,648,34,228,385,220,368,224,29,4,950,42,4,951,16,0,0,58,28,118,218,8,134,16,276,140,0,44,0,12,0,4,4,4,0,26,7,4,29,35,21,55,88,4,102,75,44,17,28,174,173,197,0,0,497,93,5,8,126,725,217,0,0,124,121,154,152,113,16,25,18,8,13,27,0,0,Tract60Ply_71,,,,,0,0
69,110,0010,G110001000761,110001000761,0.435078,1960,District Of Columbia,76,1,TRACT 76-1,5934,472,318,419,461,440,329,295,347,372,470,529,453,409,265,183,101,35,36,1524,25.7,1029,17.3,620,10.4,2799,47.2,3135,52.8,5865,98.8,23,0.4,46,0.8,30,0.5,286,2220,998,235,562,34,391,2171,394,800,459,261,142,65,24,26,2.7,739,1432,8,37,4,5,76,357,111,11,6,0,0,0,19,69,352,461,181,108,135,61,19,0,8,45,42,620,399,46,124,682,795,872,878,254,128,2777,61,77,1890,137,0,135,267,109,492,228,0,165,9,47,115,0,177,8,131,13,4,21,45,0,115,12,69,94,140,49,39,437,102,17,126,61,92,73,664,288,1442,0,0,902,169,74,39,123,696,1285,169,21,27,36,110,149,166,247,212,182,157,123,225,30,4,Tract60Ply_72,,,,,0,0
70,110,0010,G110001000762,110001000762,0.69597697,1960,District Of Columbia,76,2,TRACT 76-2,6567,514,409,402,458,520,432,367,403,461,512,587,514,401,268,161,84,41,33,1568,23.9,988,15,587,8.9,3020,46,3547,54,6515,99.2,28,0.4,24,0.4,0,0,393,2503,969,110,245,462,717,2421,407,931,504,336,146,61,26,10,2.7,898,1523,5,68,9,0,28,363,211,155,92,0,0,0,0,16,77,552,366,277,119,68,20,8,77,73,57,662,393,36,86,540,569,1031,1192,429,398,3343,86,132,1746,308,0,211,287,143,481,203,0,129,4,11,89,0,199,4,75,42,12,20,42,0,119,4,44,115,186,60,65,436,73,8,126,71,106,191,944,401,2091,0,0,971,70,68,19,163,616,1406,369,30,16,11,73,98,185,207,213,222,178,114,470,131,33,Tract60Ply_73,,,,,0,0
71,110,0010,G110001000741,110001000741,0.469897,1960,District Of Columbia,74,1,TRACT 74-1,6396,938,764,586,931,868,504,505,373,299,198,149,95,66,51,40,17,8,4,2646,41.4,186,2.9,120,1.9,3617,56.6,2779,43.4,1391,21.7,4963,77.6,42,0.7,0,0,53,1199,584,49,226,26,314,1153,79,181,193,228,187,120,76,89,4.3,96,1057,0,38,8,2,27,50,9,3,1,0,22,80,53,76,224,265,273,36,24,0,0,0,1481,169,169,1120,1078,25,147,338,291,785,446,95,138,1325,199,1430,1243,52,0,18,226,0,110,270,18,320,0,344,162,0,68,0,12,0,0,9,12,0,25,8,10,39,28,12,85,133,13,157,57,77,33,45,338,164,594,0,0,893,749,36,0,164,732,401,20,0,98,146,192,194,161,82,49,25,13,36,39,4,0,Tract60Ply_74,,,,,0,0
72,110,0010,G110001000731,110001000731,1.79038,1960,District Of Columbia,73,1,TRACT 73-1,4813,783,486,196,531,1077,633,548,303,145,65,31,7,3,1,2,0,1,1,1572,32.7,8,0.2,5,0.1,3343,69.5,1470,30.5,4195,87.2,337,7,281,5.8,13,0.3,262,735,730,5,0,0,0,715,4,80,154,235,130,69,28,15,4.1,66,649,0,13,7,5,1,0,0,0,0,0,0,0,135,274,167,12,0,20,4,20,17,0,1853,118,114,468,369,3,8,103,120,436,815,143,106,159,15,2563,629,0,0,0,0,0,4,3,0,0,0,0,22,0,4,0,3,6,0,0,0,4,0,0,0,0,0,0,15,11,4,12,0,12,14,8,32,34,835,0,0,119,1235,53,12,303,32,637,46,0,0,4,32,120,171,138,140,26,24,28,19,11,10,Tract60Ply_75,,,,,0,0
73,110,0010,G11000100075,11000100075,0.70943499,1960,District Of Columbia,75,,TRACT 75,9267,1230,921,672,607,830,736,633,559,535,569,519,431,350,318,175,108,48,26,3179,34.3,1025,11.1,675,7.3,4352,47,4915,53,6499,70.1,2700,29.1,68,0.7,12,0.1,291,3088,1123,229,732,547,457,2975,419,939,642,442,258,126,73,76,3.1,551,2424,0,96,17,7,157,257,64,11,5,4,17,28,36,81,351,625,579,402,189,76,4,0,22,193,189,1267,985,20,205,809,856,1283,1168,378,296,3650,152,189,2554,217,0,147,428,140,567,430,0,296,0,182,204,0,233,9,97,19,4,13,78,8,166,9,24,169,105,66,120,465,108,69,103,94,105,141,918,527,1958,12,0,1167,166,113,57,281,1118,1624,187,46,75,135,223,230,424,306,286,171,216,152,264,49,0,Tract60Ply_76,,,,,0,0
74,110,0010,G110001000763,110001000763,0.46616501,1960,District Of Columbia,76,3,TRACT 76-3,5341,484,233,265,251,405,477,308,308,354,461,499,415,354,223,158,78,48,20,1119,21,881,16.5,527,9.9,2372,44.4,2969,55.6,5314,99.5,7,0.1,20,0.4,0,0,321,2260,721,44,483,960,52,2190,465,909,432,251,87,26,12,8,2.4,714,1476,4,59,7,0,112,72,132,160,138,0,6,0,16,16,0,352,485,356,210,19,4,0,5,52,48,376,251,18,34,253,444,655,960,584,718,2712,55,87,1549,414,4,168,239,100,282,87,0,55,0,28,78,0,98,14,62,19,8,4,30,0,103,3,22,69,107,24,42,255,61,12,34,60,174,160,1004,347,1775,5,0,725,53,44,25,124,495,1386,265,44,23,29,41,93,112,149,188,187,188,165,336,96,20,Tract60Ply_77,,,,,0,0
75,110,0010,G110001000742,110001000742,0.52905297,1960,District Of Columbia,74,2,TRACT 74-2,6192,1044,836,614,365,438,519,511,484,390,288,229,140,108,89,65,43,18,11,2731,44.1,334,5.4,226,3.6,2928,47.3,3264,52.7,949,15.3,5228,84.4,15,0.2,0,0,30,1720,796,30,235,224,435,1620,120,367,317,325,208,123,81,79,3.8,504,1116,0,100,0,1,91,339,51,13,6,0,4,36,36,82,181,200,229,246,69,25,0,0,0,163,159,1171,1030,6,170,376,319,736,817,257,201,2225,167,69,1319,97,0,49,465,50,382,473,8,408,0,254,248,4,89,0,70,0,5,4,12,0,74,4,8,50,44,45,62,199,63,111,67,115,64,72,780,283,1041,4,0,833,89,45,8,234,630,916,69,5,78,125,97,214,182,166,137,120,148,80,112,12,0,Tract60Ply_78,,,,,0,0
76,110,0010,G11000100096,11000100096,0.58160198,1960,District Of Columbia,96,,TRACT 96,7441,3,6,22,86,237,312,440,574,625,762,795,824,697,591,551,447,261,208,41,0.6,2755,37,2058,27.7,3755,50.5,3686,49.5,4210,56.6,3169,42.6,62,0.8,0,0,16,24,20,4,0,0,0,24,9,4,5,3,2,0,1,0,2.5,0,24,0,0,0,0,0,0,0,0,0,8,0,6,0,3,7,0,0,0,0,0,0,0,7380,0,0,29,21,0,1096,2219,1032,1435,641,518,142,205,0,0,7207,43,0,4,0,0,0,4,0,4,0,0,0,0,0,0,0,0,0,0,0,0,0,0,0,0,0,0,4,0,0,0,0,197,0,4,0,0,47,0,0,17,123,0,0,13,8,12,4,0,0,0,0,0,0,0,0,0,0,3,7,3,0,Tract60Ply_79,,,,,0,0
77,110,0010,G110001000743,110001000743,0.62002301,1960,District Of Columbia,74,3,TRACT 74-3,12586,2519,1642,1025,660,1148,1700,1341,893,551,409,282,147,88,83,42,29,11,16,5666,45,269,2.1,181,1.4,5979,47.5,6607,52.5,166,1.3,12405,98.6,15,0.1,10,0.1,110,3574,482,207,276,318,2291,3517,333,836,784,683,427,204,97,153,3.6,342,3175,3,51,3,4,31,215,21,1,5,0,28,52,84,48,188,1080,1176,288,203,24,0,0,15,318,307,2102,1999,23,145,509,439,1397,1584,731,788,4628,237,254,2424,693,0,138,1439,76,553,728,8,801,0,469,384,0,125,4,68,8,0,16,20,12,143,8,17,112,89,53,109,299,44,136,155,338,336,180,1908,448,2746,0,0,1564,114,98,15,279,1482,1853,158,24,106,225,241,424,536,390,284,279,249,211,258,28,0,Tract60Ply_80,,,,,0,0
78,110,0010,G110001000732,110001000732,0.43746099,1960,District Of Columbia,73,2,TRACT 73-2,5545,651,342,290,373,812,477,354,373,294,330,327,260,256,209,99,49,33,16,1454,26.2,662,11.9,406,7.3,2533,45.7,3012,54.3,5461,98.5,38,0.7,46,0.8,25,0.5,223,2165,452,201,839,187,486,2084,357,780,503,249,112,48,20,15,2.7,413,1671,0,66,15,1,44,204,86,12,7,0,0,8,0,39,237,779,277,150,102,32,19,0,8,80,66,462,406,32,60,469,543,820,779,226,144,2341,76,391,1496,128,0,86,205,62,272,211,0,114,0,39,110,0,91,0,62,24,8,15,32,0,58,4,29,130,76,29,81,314,28,21,90,119,62,123,550,395,1400,0,0,715,189,89,20,197,702,1178,149,55,55,84,101,184,217,184,217,150,81,101,164,71,5,Tract60Ply_81,,,,,0,0
79,110,0010,G110001000734,110001000734,0.46139199,1960,District Of Columbia,73,4,TRACT 73-4,5261,916,462,274,549,942,603,345,292,238,174,152,120,78,49,33,22,9,3,1798,34.2,194,3.7,116,2.2,2538,48.2,2723,51.8,4652,88.4,498,9.5,111,2.1,21,0.4,223,1688,302,41,201,526,618,1635,135,473,407,333,176,73,23,15,3.2,194,1441,0,41,12,1,10,127,35,6,0,0,0,0,0,0,79,290,308,462,158,104,16,4,12,81,77,582,457,18,14,155,267,556,803,209,106,2136,42,431,1048,148,0,106,313,30,198,147,0,159,0,29,74,5,80,0,24,13,13,13,37,0,83,4,4,50,73,24,38,145,79,20,23,118,34,86,929,241,1784,0,0,523,70,47,13,47,449,1025,131,30,38,63,105,192,222,189,164,96,76,35,129,20,4,Tract60Ply_82,,,,,0,0
80,110,0010,G110001000733,110001000733,0.403575,1960,District Of Columbia,73,3,TRACT 73-3,4481,542,352,279,362,651,417,330,313,273,251,202,167,126,97,63,30,15,11,1315,29.3,342,7.6,216,4.8,2078,46.4,2403,53.6,4342,96.9,63,1.4,76,1.7,4,0.1,233,1662,383,178,395,369,337,1600,248,571,353,235,110,52,22,9,2.8,281,1319,0,46,16,1,38,139,48,9,3,0,0,8,21,68,77,557,236,199,87,38,12,0,0,65,65,474,370,0,62,258,293,595,740,199,132,1984,63,303,1010,136,0,79,190,80,276,159,0,60,0,16,40,4,91,0,50,12,12,8,37,4,61,13,31,50,85,53,37,286,70,37,53,65,40,97,623,165,1454,4,0,574,94,53,20,42,407,1071,102,20,13,25,72,124,161,217,174,182,105,65,118,12,4,Tract60Ply_83,,,,,0,0
81,110,0010,G110001000737,110001000737,0.62042201,1960,District Of Columbia,73,7,TRACT 73-7,6372,885,464,376,438,818,754,489,420,375,397,305,242,179,109,64,34,11,12,1906,29.9,409,6.4,230,3.6,2997,47,3375,53,6285,98.6,39,0.6,48,0.8,0,0,315,2387,512,25,407,590,853,2317,326,817,591,357,166,47,8,5,2.8,399,1918,0,54,16,0,15,292,73,4,8,0,0,12,4,0,112,844,248,518,132,28,0,0,0,93,81,630,498,16,67,280,363,674,1229,445,326,2968,55,292,1385,404,0,97,319,81,349,229,0,122,0,12,36,4,101,0,58,21,4,17,28,3,169,8,16,86,65,53,40,360,61,18,53,94,77,100,1238,294,2011,0,0,896,139,56,27,52,549,1580,138,50,43,51,61,163,237,322,195,260,194,119,253,33,8,Tract60Ply_84,,,,,0,0
82,110,0010,G110001000736,110001000736,0.340137,1960,District Of Columbia,73,6,TRACT 73-6,6650,1039,549,356,431,1028,763,537,451,378,281,263,192,158,108,63,30,15,8,2076,31.2,382,5.7,224,3.4,3050,45.9,3600,54.1,6511,97.9,63,0.9,76,1.1,4,0.1,341,2411,248,42,284,562,1275,2342,354,763,550,403,173,72,20,7,2.8,224,2118,5,49,15,2,56,102,36,3,10,0,4,0,0,12,240,502,389,616,243,52,24,0,15,84,77,717,546,18,40,310,431,603,1232,379,246,2998,57,344,1355,285,0,178,341,65,356,223,0,143,0,27,18,0,104,11,71,32,11,12,43,0,130,8,27,100,145,86,75,365,105,15,97,38,62,147,1065,249,2086,0,0,977,111,41,20,58,591,1569,141,41,25,31,76,150,293,285,308,233,181,128,225,23,0,Tract60Ply_86,,,,,0,0
83,110,0010,G11000100089,11000100089,1.32297003,1960,District Of Columbia,89,,TRACT 89,10732,1538,1148,836,531,838,1072,991,998,797,693,476,288,191,145,85,58,31,16,3826,35.7,526,4.9,335,3.1,4887,45.5,5845,54.5,101,0.9,10617,98.9,14,0.1,0,0,53,3442,926,183,893,216,1224,3416,450,1006,765,569,334,167,64,61,3.1,513,2903,10,10,6,1,72,342,75,1,8,0,36,32,78,95,657,1053,713,96,103,36,0,0,25,232,228,1611,1497,66,396,979,623,1561,1606,387,253,5045,246,45,2001,218,0,101,1160,146,573,1207,18,994,8,622,357,4,229,0,57,8,0,24,56,4,223,11,74,176,99,48,276,507,81,393,287,283,206,179,1404,416,2167,3,0,2229,133,107,31,346,1678,1603,125,10,70,133,255,457,610,448,243,266,209,127,146,18,0,Tract60Ply_87,,,,,0,0
84,110,0010,G11000100002,11000100002,0.519633,1960,District Of Columbia,2,,TRACT 2,5723,181,133,113,1171,1282,502,372,267,248,242,282,272,207,158,130,81,43,39,565,9.9,658,11.5,451,7.9,3238,56.6,2485,43.4,5594,97.7,60,1,69,1.2,33,0.6,455,1646,1181,123,63,98,181,1555,435,584,292,145,57,21,12,9,2.3,603,952,17,28,46,0,3,13,43,79,438,0,0,16,16,15,67,56,65,55,78,158,149,238,2087,13,8,193,101,46,69,120,171,206,324,556,1334,2408,121,60,2731,466,0,269,189,48,61,31,18,62,0,25,126,0,49,0,21,39,4,8,8,4,69,5,12,47,33,17,36,139,110,75,44,104,361,304,584,335,764,4,0,692,375,57,232,235,474,817,173,91,35,33,8,18,57,55,44,49,52,59,121,140,123,Tract60Ply_88,,,,,0,0
85,110,0010,G110001000881,110001000881,0.73646802,1960,District Of Columbia,88,1,TRACT 88-1,7495,1122,796,565,504,753,699,675,587,534,411,285,219,143,101,55,25,13,8,2801,37.4,345,4.6,202,2.7,3537,47.2,3958,52.8,570,7.6,6898,92,27,0.4,12,0.2,95,2197,401,263,1416,24,93,2171,294,671,450,312,195,125,60,64,3.2,231,1940,3,20,3,1,39,149,31,0,0,0,3,0,0,44,315,889,408,184,66,20,0,3,536,138,120,1185,1078,56,288,773,482,1007,792,215,124,3102,197,29,1788,138,0,107,511,44,333,868,28,595,8,608,238,0,197,0,21,16,4,9,33,0,121,4,93,101,80,80,149,343,43,255,268,135,153,88,627,282,1167,8,0,1470,166,55,19,204,1219,869,68,15,71,108,236,351,333,298,181,116,97,53,64,9,0,Tract60Ply_89,,,,,0,0
86,110,0010,G11000100048,11000100048,0.22995099,1960,District Of Columbia,48,,TRACT 48,8483,1081,967,668,499,407,473,520,590,558,619,584,503,335,263,196,122,54,44,3111,36.7,1014,12,679,8,4105,48.4,4378,51.6,39,0.5,8439,99.5,5,0.1,0,0,21,2360,1172,229,482,318,159,2224,428,557,329,267,214,132,117,180,3.6,321,1903,6,92,38,7,79,149,50,8,4,0,12,53,120,348,435,390,222,156,96,43,4,0,490,123,123,1343,1339,323,893,1591,707,710,460,99,57,3029,166,13,2663,8,0,38,146,88,268,550,52,718,8,992,702,0,328,5,17,16,0,9,34,0,39,9,25,104,102,35,177,257,29,442,292,77,98,61,292,581,371,9,0,1779,209,29,43,505,1803,398,23,0,156,231,383,343,203,127,62,50,28,59,32,4,0,Tract60Ply_90,,,,,0,0
87,110,0010,G11000100046,11000100046,0.16741,1960,District Of Columbia,46,,TRACT 46,6789,990,867,655,445,331,391,441,452,460,434,368,310,228,171,118,72,39,17,2828,41.7,645,9.5,417,6.1,3218,47.4,3571,52.6,58,0.9,6716,98.9,15,0.2,0,0,27,1644,646,674,186,66,72,1602,201,323,244,217,190,150,96,181,4.2,427,1175,4,23,15,15,143,180,46,7,1,0,0,0,35,60,174,204,201,179,222,72,8,4,92,129,129,1320,1263,59,461,865,553,884,387,141,117,2400,246,9,1730,8,0,37,190,24,266,655,16,714,0,466,333,4,222,5,5,0,4,0,19,0,61,10,26,88,57,51,151,204,29,344,204,46,94,85,281,410,592,0,0,1221,182,51,23,278,1096,451,35,20,122,107,222,250,242,134,85,96,28,7,29,16,0,Tract60Ply_91,,,,,0,0
88,110,0010,G11000100055,11000100055,0.250182,1960,District Of Columbia,55,,TRACT 55,6182,303,219,204,359,781,610,533,565,460,376,444,376,309,251,171,119,67,35,801,13,952,15.4,643,10.4,3189,51.6,2993,48.4,4046,65.4,2021,32.7,115,1.9,25,0.4,586,3593,700,106,340,366,2081,3318,2007,753,291,104,67,30,22,44,1.8,230,3088,4,223,48,0,26,39,33,22,71,5,28,171,294,267,566,407,476,288,166,232,72,51,296,23,23,325,286,45,295,541,335,603,872,582,1058,3792,179,55,1461,567,0,177,407,120,175,194,54,257,0,187,570,0,101,0,13,9,21,4,8,21,104,9,26,55,32,44,69,212,92,209,148,55,191,314,1083,972,670,5,0,1303,920,116,118,575,2280,799,136,103,86,83,168,105,107,122,73,57,28,88,82,32,25,Tract60Ply_92,,,,,0,0
89,110,0010,G11000100049,11000100049,0.210935,1960,District Of Columbia,49,,TRACT 49,8999,1061,836,565,444,536,595,668,701,697,755,534,572,366,270,190,119,54,36,2726,30.3,1035,11.5,669,7.4,4489,49.9,4510,50.1,414,4.6,8497,94.4,88,1,22,0.2,52,2955,926,253,604,599,573,2829,834,762,380,284,213,107,97,152,3,303,2526,2,102,22,4,73,143,50,9,8,12,25,59,310,510,571,404,190,169,130,83,11,0,534,147,147,1155,1127,163,981,1632,865,959,606,171,142,3871,225,8,2529,80,10,84,302,38,437,825,56,651,0,1344,763,0,560,10,16,4,0,16,10,0,94,13,28,143,130,68,267,202,82,502,414,58,59,120,308,767,702,0,0,1990,432,47,27,584,2258,548,14,9,166,312,325,390,223,153,142,79,76,34,62,14,0,Tract60Ply_93,,,,,0,0
90,110,0010,G110001000531,110001000531,0.112379,1960,District Of Columbia,53,1,TRACT 53-1,5896,246,175,118,214,533,549,518,560,483,511,477,425,394,312,191,92,67,31,598,10.1,1087,18.4,693,11.8,2654,45,3242,55,4361,74,1428,24.2,107,1.8,24,0.4,801,3839,871,97,181,347,2343,3653,2346,906,199,95,54,23,16,14,1.6,260,3393,4,133,49,39,70,47,46,26,22,4,0,198,316,302,565,425,331,405,433,161,152,16,110,28,20,211,159,48,157,424,418,655,972,1019,915,3934,158,61,1223,410,0,199,338,161,216,176,8,404,24,108,325,0,142,4,17,20,12,8,9,0,76,10,27,92,82,57,152,382,92,114,235,68,237,356,1058,684,762,0,8,1416,1011,208,94,381,2614,747,163,129,51,71,159,119,126,62,99,44,61,60,129,73,21,Tract60Ply_94,,,,,0,0
91,110,0010,G11000100050,11000100050,0.17009699,1960,District Of Columbia,50,,TRACT 50,8236,805,528,418,375,560,620,605,686,700,684,580,532,399,312,207,121,64,40,1938,23.5,1143,13.9,744,9,4018,48.8,4218,51.2,1818,22.1,6334,76.9,84,1,0,0,188,4063,442,193,615,1098,1715,3682,1666,1028,388,245,151,88,53,63,2.2,229,3453,3,351,27,0,30,70,35,17,21,4,37,303,472,501,652,462,360,224,227,82,16,0,102,60,60,877,845,112,754,1393,594,1242,822,371,278,4194,338,24,1984,183,0,127,303,94,462,516,82,989,0,506,776,0,318,4,25,0,0,0,11,0,73,7,35,81,99,63,327,359,80,481,461,73,74,192,491,940,666,4,0,1835,757,102,137,596,2790,765,69,58,210,261,299,372,217,158,131,54,53,49,65,14,4,Tract60Ply_95,,,,,0,0
92,110,0010,G110001000521,110001000521,0.121692,1960,District Of Columbia,52,1,TRACT 52-1,6031,474,302,239,283,552,475,454,496,436,476,438,411,353,293,189,95,45,20,1117,18.5,995,16.5,642,10.6,2715,45,3316,55,2682,44.5,3298,54.7,51,0.8,16,0.3,259,3110,341,57,305,553,1854,2913,1623,686,244,159,88,45,28,40,1.9,206,2707,0,189,8,3,36,75,34,2,24,0,24,129,267,282,415,545,348,245,227,124,41,4,381,59,59,460,394,43,291,635,549,802,940,462,457,3657,151,22,1219,240,0,114,427,117,242,352,26,439,8,194,482,0,132,0,16,12,0,16,8,0,128,17,20,62,44,41,144,226,85,260,321,100,105,246,805,869,529,0,0,1406,803,152,112,524,2186,616,44,67,100,88,193,175,185,96,64,65,53,16,100,33,4,Tract60Ply_96,,,,,0,0
93,110,0010,G11000100086,11000100086,0.24508099,1960,District Of Columbia,86,,TRACT 86,3781,603,479,375,298,189,215,227,247,252,220,182,162,121,89,61,32,17,12,1664,44,332,8.8,211,5.6,1885,49.9,1896,50.1,193,5.1,3579,94.7,9,0.2,0,0,28,898,483,126,148,51,90,848,164,159,98,94,73,78,54,128,4.3,140,708,3,25,22,0,41,59,15,4,3,0,0,12,74,96,101,129,104,70,73,24,8,0,152,74,74,728,704,65,300,481,352,379,169,73,10,1260,138,0,993,16,0,40,57,18,107,237,0,322,10,358,274,0,116,0,0,0,0,7,31,0,14,4,8,40,21,56,113,78,20,174,112,27,28,29,119,263,247,0,0,558,200,8,22,202,577,251,20,0,66,109,106,123,100,67,46,47,17,9,0,0,0,Tract60Ply_97,,,,,0,0
94,110,0010,G110001000785,110001000785,0.476475,1960,District Of Columbia,78,5,TRACT 78-5,8280,1142,943,766,549,623,603,617,679,548,525,380,300,197,156,105,84,37,26,3170,38.3,605,7.3,408,4.9,3933,47.5,4347,52.5,16,0.2,8256,99.7,8,0.1,0,0,16,2338,1328,145,279,129,457,2302,269,599,442,391,232,147,99,123,3.6,960,1342,10,13,13,31,352,442,65,18,7,0,0,4,16,12,98,346,399,264,145,34,12,0,48,165,156,1375,1367,48,315,838,451,1215,821,324,263,3500,240,49,1761,188,0,56,640,94,502,840,16,558,8,590,484,0,223,0,31,0,6,0,23,0,156,4,46,115,113,58,79,288,73,233,152,196,183,83,908,530,1640,4,0,1303,101,51,15,310,982,1133,152,35,112,90,133,239,322,299,200,143,179,105,147,31,0,Tract60Ply_98,,,,,0,0
95,110,0010,G110001000532,110001000532,0.113242,1960,District Of Columbia,53,2,TRACT 53-2,1022,7,8,11,95,135,106,60,74,60,80,78,81,80,52,50,22,19,4,33,3.2,227,22.2,147,14.4,388,38,634,62,1005,98.3,10,1,7,0.7,16,1.6,117,651,104,60,50,46,391,598,410,149,24,8,2,4,1,0,1.4,56,542,15,30,8,0,0,3,0,2,32,0,9,55,34,28,42,48,36,39,82,29,21,78,169,0,0,15,0,0,19,26,43,61,166,180,277,791,13,5,194,103,0,42,66,32,10,4,0,16,0,0,58,0,15,0,0,0,0,4,0,0,22,0,9,17,14,12,0,49,40,0,41,4,26,104,214,220,84,0,5,157,324,32,41,140,456,113,23,6,5,0,5,26,8,8,3,8,5,22,4,14,23,Tract60Ply_99,,,,,0,0
96,110,0010,G110001000541,110001000541,0.123928,1960,District Of Columbia,54,1,TRACT 54-1,2624,51,52,45,112,257,210,179,184,197,263,248,231,211,183,112,47,33,9,162,6.2,595,22.7,384,14.6,1201,45.8,1423,54.2,2030,77.4,518,19.7,76,2.9,0,0,268,1839,162,56,262,249,1110,1720,1170,388,88,39,17,9,4,5,1.5,74,1646,0,71,48,0,0,4,3,7,33,0,25,87,90,152,326,418,156,78,120,106,32,20,43,6,6,57,52,19,62,248,195,285,458,373,463,1883,53,23,521,221,0,37,217,17,89,90,0,144,10,77,181,8,76,0,12,0,0,0,19,0,61,14,17,33,13,9,86,92,58,66,99,61,62,133,595,369,223,5,0,635,589,87,47,273,1272,369,16,63,12,28,27,62,56,58,18,21,46,28,57,30,0,Tract60Ply_100,,,,,0,0
97,110,0010,G110001000542,110001000542,0.118959,1960,District Of Columbia,54,2,TRACT 54-2,831,11,11,7,7,28,26,43,66,61,97,105,94,97,83,42,34,12,7,43,5.2,275,33.1,178,21.4,274,33,557,67,758,91.2,62,7.5,11,1.3,0,0,67,713,0,0,0,55,658,640,508,109,11,6,5,1,0,0,1.3,0,640,0,66,7,0,0,5,1,0,5,0,8,0,28,28,84,80,128,168,40,36,4,16,17,3,3,11,11,0,12,19,23,79,243,201,190,594,12,0,182,20,0,21,59,8,17,4,0,39,0,0,58,0,4,0,5,5,0,4,0,0,4,0,0,4,12,13,12,29,8,3,27,12,4,76,229,143,61,0,0,161,273,28,4,63,540,100,0,0,0,7,4,12,8,3,19,7,12,4,39,8,8,Tract60Ply_101,,,,,0,0
98,110,0010,G11000100085,11000100085,0.21368299,1960,District Of Columbia,85,,TRACT 85,7072,854,754,633,516,416,436,441,456,476,433,440,355,254,216,162,95,70,65,2585,36.6,862,12.2,608,8.6,3468,49,3604,51,459,6.5,6598,93.3,15,0.2,0,0,123,1669,1174,293,118,69,15,1645,193,331,281,239,182,146,87,186,4.2,723,922,0,18,6,3,150,397,114,6,1,0,0,15,39,100,151,152,170,84,160,43,4,0,219,94,91,1185,1159,84,499,959,654,773,705,117,82,2673,283,19,1955,54,0,39,356,64,395,676,26,611,0,696,174,4,212,4,48,4,4,25,42,0,78,8,74,127,75,113,126,251,56,346,216,124,62,50,390,234,811,0,0,1290,240,64,11,178,899,713,18,15,49,101,172,214,229,147,118,104,89,55,96,16,0,Tract60Ply_102,,,,,0,0
99,110,0010,G11000100047,11000100047,0.256782,1960,District Of Columbia,47,,TRACT 47,6401,743,652,510,412,409,347,390,479,432,476,431,358,287,183,136,93,42,21,2154,33.7,762,11.9,475,7.4,3097,48.4,3304,51.6,676,10.6,5640,88.1,85,1.3,0,0,97,1865,654,180,268,206,557,1803,465,475,238,192,135,100,66,132,3.3,212,1591,3,41,18,11,54,86,24,5,3,8,23,43,147,241,322,283,188,114,142,45,4,0,437,97,97,1013,992,141,744,1093,506,663,259,141,101,2644,225,13,1689,119,0,101,210,101,230,422,8,635,0,626,376,0,232,0,4,9,0,7,13,0,62,0,41,64,21,65,185,275,40,362,202,109,72,94,309,478,407,4,0,1215,433,57,93,364,1323,408,39,33,119,175,243,161,167,105,99,42,60,16,61,0,0,Tract60Ply_104,,,,,0,0
100,110,0010,G110001000522,110001000522,0.066344,1960,District Of Columbia,52,2,TRACT 52-2,1291,13,4,21,26,66,114,108,138,103,133,130,110,114,97,45,35,19,15,50,3.9,325,25.2,211,16.3,612,47.4,679,52.6,1256,97.3,9,0.7,26,2,4,0.3,158,1004,10,16,6,48,924,937,658,220,53,3,3,0,0,0,1.4,4,933,0,63,4,0,0,0,0,0,8,0,0,48,45,20,25,56,48,425,68,96,58,24,7,5,0,19,15,0,31,36,62,149,315,216,349,933,33,8,280,130,0,118,64,29,34,8,0,16,0,8,85,0,26,0,0,22,0,0,0,0,37,0,8,20,4,8,22,68,16,0,46,11,16,148,239,242,130,0,0,178,430,49,12,142,627,284,6,20,4,0,4,11,24,8,17,20,16,25,25,13,17,Tract60Ply_105,,,,,0,0
101,110,0010,G11000100051,11000100051,0.14708,1960,District Of Columbia,51,,TRACT 51,2451,153,99,82,157,173,135,140,191,156,179,195,245,192,161,108,50,27,8,402,16.4,546,22.3,354,14.4,1160,47.3,1291,52.7,1775,72.4,603,24.6,73,3,0,0,208,1509,61,31,64,188,1165,1371,911,295,61,45,24,11,12,12,1.6,12,1359,3,131,4,0,0,1,6,2,11,0,19,8,152,306,242,211,116,95,85,34,65,0,205,0,0,186,186,25,123,269,244,347,411,246,138,1473,114,0,544,64,0,34,66,65,75,72,0,227,0,69,195,0,48,0,7,8,0,0,6,0,42,0,0,45,28,6,145,123,43,35,90,31,17,102,322,375,152,0,0,413,527,14,58,285,1164,177,0,30,19,60,48,98,30,14,25,31,0,0,46,4,0,Tract60Ply_106,,,,,0,0
102,110,0010,G11000100056,11000100056,0.33378699,1960,District Of Columbia,56,,TRACT 56,3796,159,100,80,95,323,414,411,396,329,366,316,276,219,140,86,49,27,10,372,9.8,531,14,312,8.2,1771,46.7,2025,53.3,3082,81.2,651,17.1,63,1.7,15,0.4,211,2385,472,49,73,52,1739,2211,1240,695,142,60,32,14,9,19,1.7,367,1844,10,108,56,2,1,44,108,79,128,0,8,12,38,44,121,156,219,277,399,263,215,52,23,8,8,134,125,8,93,234,217,278,646,580,976,2675,73,62,661,468,0,224,237,116,84,75,18,144,0,86,85,0,57,0,19,9,4,10,8,0,71,4,20,39,51,79,29,150,107,64,58,92,143,315,1038,308,529,8,0,895,940,123,41,153,1225,888,65,33,4,32,60,58,54,61,59,55,63,51,183,62,8,Tract60Ply_107,,,,,0,0
103,110,0010,G110001000786,110001000786,0.568771,1960,District Of Columbia,78,6,TRACT 78-6,10055,1639,1707,1268,789,576,665,707,707,527,412,330,228,168,134,87,46,41,24,5210,51.8,500,5,332,3.3,4743,47.2,5312,52.8,11,0.1,10036,99.8,8,0.1,8,0.1,47,2325,1584,80,213,196,252,2238,127,444,370,335,288,247,153,274,4.5,704,1534,0,64,23,20,192,347,117,10,7,0,8,73,85,70,225,220,462,223,148,20,0,0,50,250,233,2367,2270,29,295,813,486,1184,876,266,138,2924,193,33,2478,72,8,52,747,60,294,646,8,608,8,590,404,0,199,4,18,9,0,18,21,0,123,13,28,70,34,72,130,188,69,172,171,93,153,66,860,413,1184,0,0,1267,55,93,19,300,1211,936,56,35,134,164,212,412,311,215,187,129,99,79,93,9,0,Tract60Ply_108,,,,,0,0
104,110,0010,G11000100084,11000100084,0.189275,1960,District Of Columbia,84,,TRACT 84,7563,950,785,640,448,518,526,505,532,520,508,441,386,252,217,139,121,46,29,2606,34.5,804,10.6,552,7.3,3651,48.3,3912,51.7,761,10.1,6738,89.1,64,0.8,8,0.1,114,2008,1199,246,177,80,306,1938,356,466,264,219,179,171,94,189,3.8,615,1323,4,55,11,6,120,362,62,0,1,0,12,12,91,122,216,293,180,106,149,104,20,9,217,113,113,1201,1144,103,460,1166,539,1042,611,98,176,3178,204,11,1892,129,0,36,398,66,386,566,68,695,8,467,665,13,232,12,61,12,4,30,20,3,96,0,69,94,50,47,144,257,45,273,210,84,143,160,476,643,943,8,0,1387,164,41,65,501,1185,710,37,6,86,109,146,221,267,184,96,102,83,61,129,29,0,Tract60Ply_109,,,,,0,0
105,110,0010,G11000100058,11000100058,0.58470899,1960,District Of Columbia,58,,TRACT 58,1489,66,91,75,44,59,47,71,106,126,175,161,151,131,77,50,38,14,7,268,18,317,21.3,186,12.5,990,66.5,499,33.5,896,60.2,275,18.5,318,21.4,0,0,271,846,67,72,50,271,386,724,468,136,48,27,16,14,0,15,1.8,22,702,0,79,43,0,0,2,8,5,7,9,44,80,95,146,109,33,50,8,20,21,9,0,199,14,14,152,148,107,144,277,180,204,150,48,44,813,101,0,351,31,0,81,22,31,169,68,9,208,0,87,88,0,47,0,0,15,0,5,6,0,18,0,5,29,4,10,128,136,25,39,68,0,12,63,29,174,100,0,0,214,216,19,118,122,636,88,0,0,13,12,37,31,14,29,25,12,12,0,23,0,0,Tract60Ply_110,,,,,0,0
106,110,0010,G110001000783,110001000783,0.40616599,1960,District Of Columbia,78,3,TRACT 78-3,6029,879,723,557,381,467,471,434,432,396,386,332,206,137,86,66,43,18,15,2392,39.7,365,6.1,228,3.8,2856,47.4,3173,52.6,10,0.2,6011,99.7,8,0.1,8,0.1,23,1731,820,273,223,195,220,1705,214,438,341,277,154,117,70,94,3.5,583,1122,3,17,6,11,133,321,74,28,10,0,0,0,13,30,223,326,328,83,81,17,4,0,30,161,161,987,948,48,174,510,450,931,519,211,170,2440,146,24,1338,148,0,46,462,32,306,510,20,456,8,378,356,0,141,0,15,9,18,0,34,0,76,8,31,70,33,37,112,213,54,193,118,140,152,85,559,342,950,4,3,1060,62,65,7,259,844,731,110,20,64,101,149,266,237,168,132,103,72,40,80,18,0,Tract60Ply_111,,,,,0,0
107,110,0010,G110001000571,110001000571,0.294673,1960,District Of Columbia,57,1,TRACT 57-1,5380,68,44,50,368,670,374,391,389,408,451,494,508,427,331,185,130,57,35,253,4.7,1165,21.7,738,13.7,2138,39.7,3242,60.3,5102,94.8,221,4.1,57,1.1,26,0.5,341,3337,218,48,97,116,2858,3158,2380,602,100,39,19,12,1,5,1.3,96,3062,0,74,105,1,0,5,18,37,32,4,36,25,176,243,590,465,623,298,195,259,45,29,1122,7,7,93,49,9,41,183,191,371,917,1129,1332,3738,39,24,1422,497,0,178,300,45,61,48,0,113,0,20,326,0,47,0,33,5,4,0,0,0,38,8,12,16,21,35,41,137,48,14,83,141,244,250,1760,801,297,5,4,828,1660,182,77,576,2371,745,22,20,17,37,37,30,25,61,50,67,41,50,128,91,0,Tract60Ply_112,,,,,0,0
108,110,0010,G11000100059,11000100059,0.37694901,1960,District Of Columbia,59,,TRACT 59,3870,360,274,163,133,208,191,206,262,280,302,306,338,309,231,156,84,47,20,849,21.9,847,21.9,538,13.9,2135,55.2,1735,44.8,1890,48.8,1940,50.1,40,1,36,0.9,157,1682,243,88,235,325,791,1561,874,299,138,87,72,27,21,43,2.2,70,1491,0,80,41,0,1,12,11,9,12,7,32,19,182,252,328,206,186,52,94,58,8,4,507,42,34,372,360,92,322,524,366,519,487,223,205,1792,192,7,1117,71,0,43,111,71,208,191,14,316,0,352,358,0,208,0,0,0,0,8,19,0,130,0,21,38,21,42,100,109,24,53,93,26,27,205,262,406,265,4,4,535,510,50,88,327,1109,388,54,10,76,59,103,75,84,81,45,26,31,14,63,19,7,Tract60Ply_113,,,,,0,0
109,110,0010,G11000100083,11000100083,0.235559,1960,District Of Columbia,83,,TRACT 83,9888,1247,1068,828,677,655,661,724,641,670,680,534,482,356,271,193,113,49,39,3577,36.2,1021,10.3,665,6.7,4832,48.9,5056,51.1,1677,17,8168,82.6,43,0.4,0,0,162,2647,1773,298,294,185,97,2558,580,557,355,275,216,153,132,290,3.7,777,1781,6,48,35,9,162,462,91,9,2,0,0,9,68,167,438,309,167,204,226,137,56,0,307,106,106,1676,1597,150,779,1332,716,1184,845,260,192,3842,277,19,2747,136,0,133,289,27,520,631,16,694,0,795,700,0,372,11,47,8,11,17,13,0,99,11,102,121,94,55,141,299,69,358,261,170,157,102,591,733,915,0,0,1740,460,68,82,520,1670,761,107,20,135,179,251,209,347,219,136,99,96,76,158,42,0,Tract60Ply_114,,,,,0,0
110,110,0010,G110001000784,110001000784,0.31903499,1960,District Of Columbia,78,4,TRACT 78-4,4734,727,656,651,429,266,248,270,323,284,246,194,152,90,72,48,49,17,12,2320,49,288,6.1,198,4.2,2187,46.2,2547,53.8,3,0.1,4726,99.8,5,0.1,0,0,11,1106,556,44,129,297,80,1089,55,211,200,180,155,117,72,99,4.3,413,676,6,5,6,3,41,196,123,28,11,0,22,107,54,61,154,150,42,16,29,24,4,5,13,109,109,1076,1076,36,129,308,251,547,426,192,111,1412,78,42,1261,96,0,24,290,32,154,260,6,276,0,174,234,0,57,4,12,0,4,12,24,0,19,13,20,48,28,8,34,82,19,101,89,57,51,57,441,232,667,0,0,486,35,51,12,171,593,411,75,10,61,119,130,136,93,135,72,56,54,49,68,12,7,Tract60Ply_116,,,,,0,0
111,110,0010,G110001000572,110001000572,0.341573,1960,District Of Columbia,57,2,TRACT 57-2,1404,11,13,6,27,99,91,123,103,109,135,178,168,128,96,61,34,14,8,17,1.2,341,24.3,213,15.2,696,49.6,708,50.4,1376,98,17,1.2,11,0.8,0,0,140,1263,15,0,50,91,1107,1123,911,169,28,9,3,1,2,0,1.3,56,1067,0,90,50,0,0,0,0,6,45,0,8,8,93,96,149,219,167,189,76,36,7,0,0,0,0,11,11,0,4,38,92,167,378,236,333,1128,30,9,220,93,0,68,132,13,34,18,0,73,0,4,120,0,8,0,8,0,0,8,4,0,12,0,3,8,8,8,58,36,50,0,78,11,13,112,448,255,70,3,0,253,522,54,56,145,938,185,0,0,8,20,15,4,8,12,28,22,9,9,29,4,0,Tract60Ply_117,,,,,0,0
112,110,0010,G11000100080,11000100080,0.32613799,1960,District Of Columbia,80,,TRACT 80,12191,1628,1433,1209,856,809,735,832,937,830,752,604,497,375,260,222,127,49,36,4778,39.2,1069,8.8,694,5.7,5751,47.2,6440,52.8,984,8.1,11164,91.6,43,0.4,0,0,91,3059,1679,462,244,256,418,2975,359,652,469,428,327,244,194,302,4.1,1143,1832,25,45,14,8,205,662,188,11,3,0,8,24,73,137,328,398,339,142,198,137,27,0,70,282,279,2117,1995,108,777,1578,818,1436,1059,330,153,4721,414,30,2942,144,0,43,645,110,622,1236,8,766,8,780,821,0,362,0,95,12,0,20,74,0,211,11,103,170,119,89,174,435,100,363,322,135,134,117,880,795,1677,0,0,2045,225,102,58,566,1510,1274,175,16,151,145,310,396,335,313,230,171,183,92,250,36,0,Tract60Ply_118,,,,,0,0
113,110,0010,G11000100082,11000100082,0.25591701,1960,District Of Columbia,82,,TRACT 82,4217,306,219,190,327,336,262,250,260,296,295,289,285,275,221,191,102,75,38,823,19.5,902,21.4,627,14.9,1930,45.8,2287,54.2,3244,76.9,945,22.4,28,0.7,0,0,148,2011,592,232,360,302,525,1856,827,557,207,92,67,47,19,40,2.2,385,1471,15,74,66,0,18,120,74,55,53,0,23,141,148,136,196,202,134,89,149,97,81,21,170,30,30,349,306,55,187,326,377,477,613,358,451,2275,106,29,1112,135,0,92,211,29,187,134,0,199,0,100,366,0,131,0,16,3,9,20,30,0,75,0,24,20,54,24,44,148,52,28,102,29,104,88,777,497,522,0,5,679,581,61,48,382,1075,560,78,143,30,86,77,82,104,80,102,78,55,48,104,71,11,Tract60Ply_119,,,,,0,0
114,110,0010,G11000100081,11000100081,0.118763,1960,District Of Columbia,81,,TRACT 81,5599,764,602,467,437,435,383,338,377,312,371,306,246,186,140,109,75,32,19,2055,36.7,561,10,375,6.7,2717,48.5,2882,51.5,1302,23.3,4261,76.1,36,0.6,0,0,109,1587,727,263,268,116,213,1532,327,361,229,160,142,103,78,132,3.6,453,1079,5,34,16,8,62,203,88,9,6,0,8,51,60,125,236,174,133,90,90,74,18,0,40,130,130,790,719,94,341,643,403,744,457,124,76,2242,237,0,1357,48,0,84,112,26,292,502,18,473,16,524,179,4,257,23,17,4,0,8,25,9,61,9,30,90,59,81,109,279,36,192,166,62,65,62,340,254,759,0,0,1023,164,35,99,141,882,563,87,0,59,92,116,187,157,139,88,83,58,36,122,9,0,Tract60Ply_120,,,,,0,0
115,110,0010,G110001000782,110001000782,0.431438,1960,District Of Columbia,78,2,TRACT 78-2,6651,681,764,644,357,312,365,548,650,639,472,490,374,150,92,58,25,16,14,2329,35,355,5.3,205,3.1,3198,48.1,3453,51.9,303,4.6,6329,95.2,19,0.3,20,0.3,36,1909,1362,51,291,79,126,1899,180,497,429,327,204,131,71,60,3.5,1187,712,0,5,5,1,122,897,158,5,0,0,0,0,8,0,115,257,108,100,66,50,8,0,22,123,111,1171,1044,46,163,482,487,911,910,486,391,3168,82,29,1363,245,0,84,834,53,313,508,8,477,0,367,476,0,114,4,27,3,0,0,28,0,107,0,51,105,41,21,114,166,42,113,108,165,192,99,1174,494,1689,15,0,974,33,99,15,344,578,1112,194,15,30,40,67,153,217,259,134,180,158,200,220,34,0,Tract60Ply_121,,,,,0,0
116,110,0010,G11000100068,11000100068,0.57647097,1960,District Of Columbia,68,,TRACT 68,10188,1165,900,820,683,849,792,887,825,768,608,557,442,328,231,147,108,47,31,3267,32.1,892,8.8,564,5.5,5348,52.5,4840,47.5,2010,19.7,8131,79.8,47,0.5,24,0.2,115,2251,1196,405,241,95,314,2202,339,482,372,327,222,185,93,182,3.8,878,1324,8,37,4,4,108,495,189,9,1,0,4,42,22,123,287,285,233,94,99,83,18,4,1882,138,130,1429,1325,137,432,1343,832,1374,1007,382,270,3567,147,16,3717,171,0,44,530,44,490,717,8,623,8,598,297,8,237,0,34,14,0,20,28,0,101,12,38,146,125,107,188,257,64,263,154,344,98,134,842,353,1386,4,4,1414,334,74,58,261,1058,1003,123,18,61,132,118,231,335,246,195,117,141,85,125,24,0,Tract60Ply_122,,,,,0,0
117,110,0010,G110001000773,110001000773,0.391105,1960,District Of Columbia,77,3,TRACT 77-3,6420,1264,873,528,294,552,646,513,420,347,296,195,166,122,95,56,30,17,6,2832,44.1,326,5.1,204,3.2,2969,46.2,3451,53.8,2910,45.3,3456,53.8,54,0.8,26,0.4,183,2018,352,271,451,352,592,1858,209,490,353,354,214,107,64,67,3.4,303,1555,18,138,4,0,4,267,19,0,2,0,64,58,80,66,134,524,364,165,40,24,4,0,13,221,187,1015,806,63,142,340,361,707,845,279,178,2396,120,85,1220,110,4,64,383,86,369,408,0,323,8,155,131,4,109,0,45,15,0,13,25,0,118,20,17,75,106,49,92,280,42,86,88,87,118,52,628,327,1296,10,0,782,83,67,30,170,705,1037,106,10,70,154,154,173,215,231,140,121,145,86,136,12,0,Tract60Ply_123,,,,,0,0
118,110,0010,G110001000771,110001000771,0.61796403,1960,District Of Columbia,77,1,TRACT 77-1,6218,693,428,355,367,545,512,410,409,432,469,436,380,298,209,144,86,34,11,1669,26.8,782,12.6,484,7.8,2856,45.9,3362,54.1,5165,83.1,1045,16.8,8,0.1,39,0.6,182,2418,471,83,817,236,811,2344,480,863,444,312,142,60,23,20,2.6,397,1947,3,56,15,4,65,212,62,20,9,0,0,0,4,12,172,1133,310,188,56,48,8,0,21,67,67,650,425,32,182,520,673,960,1038,253,187,3005,167,63,1573,170,0,118,262,116,482,252,0,244,0,87,171,0,249,4,43,28,8,8,80,4,162,4,50,103,130,66,87,456,85,27,112,126,89,100,650,334,1541,0,0,1052,89,87,12,198,995,1188,126,35,51,65,143,203,233,294,217,172,145,83,194,57,0,Tract60Ply_124,,,,,0,0
119,110,0010,G110001000738,110001000738,0.70698601,1960,District Of Columbia,73,8,TRACT 73-8,1044,142,137,99,29,11,6,4,7,9,19,30,68,83,84,82,86,70,78,404,38.7,483,46.3,400,38.3,591,56.6,453,43.4,358,34.3,680,65.1,6,0.6,0,0,7,33,9,0,9,12,3,26,18,6,0,1,1,0,0,0,1.5,0,26,0,0,7,0,0,0,0,0,0,14,0,0,0,0,6,0,0,0,0,0,0,0,1005,20,20,217,209,52,200,87,45,129,48,33,31,19,0,0,660,0,0,0,6,0,7,0,0,6,0,0,0,0,0,0,0,0,0,0,0,0,0,0,0,0,0,0,0,0,0,0,0,0,0,12,7,0,0,0,0,0,13,0,6,0,9,17,0,0,0,0,0,0,6,0,0,0,0,0,0,0,0,Tract60Ply_125,,,,,0,0
120,110,0010,G11000100028,11000100028,0.147531,1960,District Of Columbia,28,,TRACT 28,7090,562,395,312,344,526,546,542,553,553,492,499,473,427,356,223,166,80,41,1454,20.5,1293,18.2,866,12.2,2986,42.1,4104,57.9,4107,57.9,2873,40.5,110,1.6,64,0.9,603,3369,897,42,87,270,2073,3187,1472,880,330,205,133,64,42,61,2.2,371,2816,0,155,27,4,32,194,97,11,11,0,9,53,121,267,422,517,580,320,213,182,56,4,121,83,83,581,530,97,264,598,537,995,1379,549,540,3913,151,53,1754,336,0,135,342,93,334,242,8,487,0,265,399,0,193,0,7,12,0,9,22,0,68,0,30,43,91,34,173,447,92,225,226,73,88,261,1148,671,891,0,8,2083,331,104,70,392,2226,826,65,70,117,69,170,208,241,185,141,97,84,66,158,51,5,Tract60Ply_44,,,,,0,0
121,110,0010,G11000100071,11000100071,0.247374,1960,District Of Columbia,71,,TRACT 71,4029,572,497,420,331,233,221,261,272,209,195,212,189,133,124,71,63,17,9,1705,42.3,417,10.3,284,7,1985,49.3,2044,50.7,1061,26.3,2936,72.9,32,0.8,0,0,63,1126,694,113,91,21,207,985,137,225,148,120,101,87,60,107,4,297,688,8,130,3,8,88,157,27,2,2,0,0,24,17,41,66,112,170,127,68,51,8,0,49,52,52,819,775,68,233,562,386,479,170,56,21,1344,55,22,1177,55,0,28,161,28,187,319,0,191,8,295,163,0,124,0,43,0,0,0,29,0,38,16,12,41,65,48,73,163,24,62,43,55,41,38,187,242,485,0,0,507,100,18,26,146,550,379,50,6,38,90,77,120,117,111,64,67,48,16,61,12,0,Tract60Ply_68,,,,,0,0
122,110,0010,G110001000735,110001000735,0.40729499,1960,District Of Columbia,73,5,TRACT 73-5,9049,1817,1222,801,822,1145,879,639,470,384,292,209,140,73,72,44,25,11,4,4189,46.3,229,2.5,156,1.7,4392,48.5,4657,51.5,7007,77.4,1901,21,141,1.6,24,0.3,239,2529,706,112,217,386,1108,2411,114,524,552,520,361,190,82,68,3.7,280,2131,11,97,10,0,15,197,44,1,0,4,30,95,64,118,226,295,419,532,204,120,16,0,8,224,216,1633,1451,12,152,378,444,850,1009,263,148,2863,132,402,1907,201,0,110,476,83,408,281,0,279,0,100,47,0,147,4,49,24,0,0,66,0,75,12,32,103,119,60,71,371,87,27,100,59,73,103,1074,207,2011,0,0,956,83,67,16,52,840,1372,145,54,97,135,249,257,317,251,263,206,82,93,177,33,0,Tract60Ply_85,,,,,0,0
123,110,0010,G110001000882,110001000882,0.18404,1960,District Of Columbia,88,2,TRACT 88-2,7629,937,737,643,469,526,566,629,627,639,558,439,299,220,142,102,60,22,14,2566,33.6,560,7.3,340,4.5,3632,47.6,3997,52.4,560,7.3,7057,92.5,12,0.2,0,0,86,2141,1234,234,547,55,71,2107,274,540,388,338,218,145,87,117,3.6,789,1318,0,29,5,0,55,481,191,3,0,0,0,0,4,48,279,428,229,131,79,88,24,0,121,127,120,1116,1010,56,419,906,533,1166,879,215,160,3478,200,16,1734,120,0,46,419,89,434,738,0,730,10,834,346,0,310,4,8,0,0,5,32,0,121,12,87,97,139,68,188,303,61,337,290,170,115,83,628,420,1263,0,0,1620,153,71,11,321,1067,879,131,30,75,136,169,244,305,180,193,180,137,104,110,16,4,Tract60Ply_103,,,,,0,0
124,110,0010,G11000100025,11000100025,0.42385399,1960,District Of Columbia,25,,TRACT 25,9209,801,610,527,476,670,741,665,716,681,711,567,529,431,350,321,202,136,75,2196,23.8,1515,16.5,1084,11.8,4207,45.7,5002,54.3,2219,24.1,6917,75.1,73,0.8,90,1,640,2939,1540,281,276,152,690,2892,610,849,516,351,211,152,84,119,3.1,1191,1701,18,20,9,0,19,428,576,74,18,0,0,5,9,92,173,377,388,310,141,112,54,10,285,104,97,919,820,161,290,913,672,1150,1362,806,760,4744,137,47,2435,474,0,215,855,109,466,697,16,672,0,404,385,0,186,13,46,4,0,12,44,0,122,32,24,134,46,13,169,436,126,316,218,161,304,193,1545,600,1799,5,0,2226,146,140,51,338,1242,1399,204,47,60,83,145,256,332,270,195,186,162,181,317,96,22,Tract60Ply_38,,,,,0,0
125,110,0010,G11000100079,11000100079,0.49306899,1960,District Of Columbia,79,,TRACT 79,9561,1271,1032,743,580,661,739,784,746,774,626,525,387,281,194,117,49,34,18,3404,35.6,693,7.2,412,4.3,4534,47.4,5027,52.6,252,2.6,9292,97.2,17,0.2,11,0.1,44,2785,1359,530,738,96,62,2742,334,785,503,428,278,189,91,134,3.5,990,1752,3,30,10,6,106,534,278,10,5,0,0,8,20,43,292,667,380,165,111,42,8,8,52,166,166,1487,1417,53,463,1101,682,1209,1126,406,219,4089,250,49,2240,180,0,56,642,42,516,905,8,818,0,988,320,0,322,4,44,12,0,20,52,7,159,14,59,138,92,69,209,331,97,344,319,225,164,101,927,380,1665,16,0,1887,127,68,24,262,1229,1342,151,20,74,135,231,376,467,267,235,157,99,69,186,7,0,Tract60Ply_115,,,,,0,0
